ride_id,drone_id,timestamp,location,weather_conditions
RIDE1,DRONE4,2024-08-13T01:00:00,Suburb,Clear
RIDE2,DRONE1,2024-08-13T17:00:00,Downtown,Storm
RIDE3,DRONE9,2024-08-26T01:00:00,Uptown,Wind
RIDE4,DRONE8,2024-08-25T17:00:00,Downtown,Clear
RIDE5,DRONE8,2024-08-29T03:00:00,Uptown,Fog
RIDE6,DRONE5,2024-08-21T21:00:00,Midtown,Storm
RIDE7,DRONE4,2024-08-07T08:00:00,Midtown,Rain
RIDE8,DRONE18,2024-08-20T01:00:00,Suburb,Storm
RIDE9,DRONE3,2024-08-23T23:00:00,Downtown,Rain
RIDE10,DRONE19,2024-08-21T15:00:00,Uptown,Storm
RIDE11,DRONE14,2024-08-15T17:00:00,Suburb,Wind
RIDE12,DRONE2,2024-08-15T04:00:00,Midtown,Wind
RIDE13,DRONE1,2024-08-24T13:00:00,Midtown,Wind
RIDE14,DRONE3,2024-08-24T04:00:00,Suburb,Wind
RIDE15,DRONE7,2024-08-17T02:00:00,Downtown,Fog
RIDE16,DRONE8,2024-08-20T10:00:00,Uptown,Fog
RIDE17,DRONE17,2024-08-14T17:00:00,Midtown,Rain
RIDE18,DRONE20,2024-08-09T01:00:00,Suburb,Fog
RIDE19,DRONE1,2024-08-30T18:00:00,Midtown,Storm
RIDE20,DRONE18,2024-08-11T04:00:00,Midtown,Wind
RIDE21,DRONE7,2024-08-25T09:00:00,Uptown,Clear
RIDE22,DRONE18,2024-08-17T08:00:00,Downtown,Clear
RIDE23,DRONE14,2024-08-10T23:00:00,Downtown,Clear
RIDE24,DRONE8,2024-08-18T12:00:00,Uptown,Storm
RIDE25,DRONE15,2024-08-02T20:00:00,Suburb,Clear
RIDE26,DRONE19,2024-08-14T13:00:00,Suburb,Clear
RIDE27,DRONE9,2024-08-21T04:00:00,Downtown,Rain
RIDE28,DRONE1,2024-08-17T06:00:00,Midtown,Storm
RIDE29,DRONE6,2024-08-17T11:00:00,Midtown,Storm
RIDE30,DRONE14,2024-08-29T07:00:00,Suburb,Clear
RIDE31,DRONE11,2024-08-28T19:00:00,Uptown,Storm
RIDE32,DRONE9,2024-08-07T11:00:00,Midtown,Rain
RIDE33,DRONE5,2024-08-22T03:00:00,Suburb,Rain
RIDE34,DRONE7,2024-08-02T13:00:00,Uptown,Wind
RIDE35,DRONE11,2024-08-06T09:00:00,Downtown,Rain
RIDE36,DRONE4,2024-08-22T10:00:00,Uptown,Wind
RIDE37,DRONE3,2024-08-26T04:00:00,Downtown,Clear
RIDE38,DRONE13,2024-08-15T03:00:00,Suburb,Wind
RIDE39,DRONE4,2024-08-05T06:00:00,Uptown,Wind
RIDE40,DRONE12,2024-08-19T18:00:00,Suburb,Clear
RIDE41,DRONE12,2024-08-05T06:00:00,Downtown,Wind
RIDE42,DRONE20,2024-08-23T10:00:00,Midtown,Rain
RIDE43,DRONE9,2024-08-20T11:00:00,Midtown,Clear
RIDE44,DRONE2,2024-08-01T15:00:00,Downtown,Storm
RIDE45,DRONE15,2024-08-07T03:00:00,Midtown,Wind
RIDE46,DRONE18,2024-08-18T11:00:00,Midtown,Rain
RIDE47,DRONE4,2024-08-28T22:00:00,Uptown,Storm
RIDE48,DRONE13,2024-08-07T14:00:00,Uptown,Clear
RIDE49,DRONE3,2024-08-04T04:00:00,Midtown,Clear
RIDE50,DRONE18,2024-08-21T00:00:00,Uptown,Clear
RIDE51,DRONE10,2024-08-12T07:00:00,Downtown,Rain
RIDE52,DRONE20,2024-08-15T10:00:00,Uptown,Storm
RIDE53,DRONE12,2024-08-27T14:00:00,Uptown,Clear
RIDE54,DRONE19,2024-08-30T13:00:00,Uptown,Rain
RIDE55,DRONE7,2024-08-17T23:00:00,Suburb,Fog
RIDE56,DRONE3,2024-08-28T17:00:00,Downtown,Rain
RIDE57,DRONE2,2024-08-04T10:00:00,Midtown,Fog
RIDE58,DRONE8,2024-08-15T00:00:00,Midtown,Storm
RIDE59,DRONE10,2024-08-29T18:00:00,Suburb,Clear
RIDE60,DRONE3,2024-08-23T18:00:00,Uptown,Clear
RIDE61,DRONE8,2024-08-17T05:00:00,Downtown,Wind
RIDE62,DRONE4,2024-08-14T12:00:00,Downtown,Clear
RIDE63,DRONE13,2024-08-27T17:00:00,Midtown,Storm
RIDE64,DRONE9,2024-08-21T19:00:00,Suburb,Rain
RIDE65,DRONE15,2024-08-24T02:00:00,Suburb,Storm
RIDE66,DRONE12,2024-08-02T12:00:00,Suburb,Clear
RIDE67,DRONE6,2024-08-27T08:00:00,Suburb,Rain
RIDE68,DRONE12,2024-08-03T22:00:00,Downtown,Storm
RIDE69,DRONE12,2024-08-11T00:00:00,Uptown,Clear
RIDE70,DRONE7,2024-08-27T22:00:00,Midtown,Clear
RIDE71,DRONE9,2024-08-30T04:00:00,Downtown,Clear
RIDE72,DRONE3,2024-08-13T06:00:00,Suburb,Wind
RIDE73,DRONE20,2024-08-10T16:00:00,Suburb,Wind
RIDE74,DRONE6,2024-08-04T20:00:00,Midtown,Wind
RIDE75,DRONE18,2024-08-19T12:00:00,Uptown,Rain
RIDE76,DRONE8,2024-08-05T04:00:00,Uptown,Storm
RIDE77,DRONE6,2024-08-28T00:00:00,Uptown,Rain
RIDE78,DRONE15,2024-08-31T00:00:00,Suburb,Rain
RIDE79,DRONE13,2024-08-05T06:00:00,Downtown,Clear
RIDE80,DRONE9,2024-08-19T22:00:00,Downtown,Fog
RIDE81,DRONE18,2024-08-08T02:00:00,Uptown,Fog
RIDE82,DRONE8,2024-08-30T14:00:00,Midtown,Clear
RIDE83,DRONE11,2024-08-13T18:00:00,Uptown,Fog
RIDE84,DRONE2,2024-08-02T05:00:00,Uptown,Rain
RIDE85,DRONE8,2024-08-02T23:00:00,Midtown,Storm
RIDE86,DRONE2,2024-08-14T20:00:00,Uptown,Wind
RIDE87,DRONE11,2024-08-03T09:00:00,Midtown,Rain
RIDE88,DRONE13,2024-08-13T12:00:00,Midtown,Rain
RIDE89,DRONE9,2024-08-16T07:00:00,Downtown,Storm
RIDE90,DRONE3,2024-08-16T23:00:00,Midtown,Fog
RIDE91,DRONE7,2024-08-19T09:00:00,Uptown,Storm
RIDE92,DRONE19,2024-08-07T05:00:00,Midtown,Rain
RIDE93,DRONE11,2024-08-11T10:00:00,Uptown,Clear
RIDE94,DRONE7,2024-08-23T15:00:00,Midtown,Clear
RIDE95,DRONE16,2024-08-18T13:00:00,Downtown,Rain
RIDE96,DRONE13,2024-08-25T03:00:00,Uptown,Clear
RIDE97,DRONE15,2024-08-30T02:00:00,Uptown,Fog
RIDE98,DRONE5,2024-08-08T16:00:00,Uptown,Storm
RIDE99,DRONE9,2024-08-08T06:00:00,Midtown,Wind
RIDE100,DRONE5,2024-08-08T11:00:00,Downtown,Storm
RIDE101,DRONE8,2024-08-04T08:00:00,Downtown,Wind
RIDE102,DRONE18,2024-08-27T00:00:00,Downtown,Rain
RIDE103,DRONE18,2024-08-17T07:00:00,Downtown,Rain
RIDE104,DRONE9,2024-08-27T10:00:00,Midtown,Wind
RIDE105,DRONE19,2024-08-30T03:00:00,Uptown,Clear
RIDE106,DRONE14,2024-08-11T06:00:00,Suburb,Rain
RIDE107,DRONE19,2024-08-22T05:00:00,Downtown,Fog
RIDE108,DRONE13,2024-08-25T21:00:00,Suburb,Fog
RIDE109,DRONE12,2024-08-07T02:00:00,Midtown,Fog
RIDE110,DRONE8,2024-08-10T21:00:00,Midtown,Fog
RIDE111,DRONE5,2024-08-20T16:00:00,Suburb,Wind
RIDE112,DRONE17,2024-08-28T05:00:00,Uptown,Clear
RIDE113,DRONE16,2024-08-11T20:00:00,Suburb,Wind
RIDE114,DRONE3,2024-08-20T14:00:00,Midtown,Rain
RIDE115,DRONE2,2024-08-11T21:00:00,Suburb,Fog
RIDE116,DRONE4,2024-08-29T10:00:00,Downtown,Fog
RIDE117,DRONE5,2024-08-01T09:00:00,Downtown,Fog
RIDE118,DRONE6,2024-08-20T20:00:00,Uptown,Rain
RIDE119,DRONE14,2024-08-13T06:00:00,Suburb,Storm
RIDE120,DRONE20,2024-08-29T21:00:00,Suburb,Wind
RIDE121,DRONE3,2024-08-24T07:00:00,Suburb,Clear
RIDE122,DRONE13,2024-08-07T17:00:00,Suburb,Rain
RIDE123,DRONE13,2024-08-04T03:00:00,Uptown,Storm
RIDE124,DRONE20,2024-08-19T20:00:00,Midtown,Storm
RIDE125,DRONE15,2024-08-15T17:00:00,Uptown,Clear
RIDE126,DRONE17,2024-08-26T01:00:00,Midtown,Rain
RIDE127,DRONE9,2024-08-13T18:00:00,Midtown,Storm
RIDE128,DRONE18,2024-08-28T06:00:00,Midtown,Fog
RIDE129,DRONE1,2024-08-19T02:00:00,Suburb,Clear
RIDE130,DRONE4,2024-08-30T10:00:00,Uptown,Fog
RIDE131,DRONE18,2024-08-11T16:00:00,Midtown,Clear
RIDE132,DRONE9,2024-08-20T11:00:00,Downtown,Wind
RIDE133,DRONE11,2024-08-13T21:00:00,Midtown,Wind
RIDE134,DRONE4,2024-08-09T11:00:00,Uptown,Rain
RIDE135,DRONE10,2024-08-17T09:00:00,Suburb,Storm
RIDE136,DRONE14,2024-08-21T14:00:00,Downtown,Fog
RIDE137,DRONE6,2024-08-05T13:00:00,Midtown,Storm
RIDE138,DRONE15,2024-08-11T02:00:00,Suburb,Wind
RIDE139,DRONE1,2024-08-17T06:00:00,Uptown,Fog
RIDE140,DRONE9,2024-08-25T09:00:00,Uptown,Rain
RIDE141,DRONE17,2024-08-16T07:00:00,Downtown,Storm
RIDE142,DRONE6,2024-08-25T12:00:00,Downtown,Clear
RIDE143,DRONE17,2024-08-13T14:00:00,Midtown,Clear
RIDE144,DRONE4,2024-08-30T20:00:00,Suburb,Fog
RIDE145,DRONE10,2024-08-13T14:00:00,Suburb,Clear
RIDE146,DRONE17,2024-08-01T22:00:00,Uptown,Clear
RIDE147,DRONE20,2024-08-29T02:00:00,Uptown,Wind
RIDE148,DRONE7,2024-08-17T21:00:00,Midtown,Rain
RIDE149,DRONE5,2024-08-12T17:00:00,Midtown,Clear
RIDE150,DRONE12,2024-08-01T08:00:00,Uptown,Clear
RIDE151,DRONE6,2024-08-25T03:00:00,Uptown,Storm
RIDE152,DRONE18,2024-08-30T06:00:00,Suburb,Fog
RIDE153,DRONE17,2024-08-03T02:00:00,Suburb,Wind
RIDE154,DRONE1,2024-08-26T20:00:00,Suburb,Fog
RIDE155,DRONE20,2024-08-22T04:00:00,Midtown,Storm
RIDE156,DRONE11,2024-08-13T05:00:00,Suburb,Storm
RIDE157,DRONE16,2024-08-10T19:00:00,Downtown,Storm
RIDE158,DRONE1,2024-08-26T21:00:00,Downtown,Clear
RIDE159,DRONE4,2024-08-16T00:00:00,Suburb,Fog
RIDE160,DRONE12,2024-08-10T08:00:00,Suburb,Fog
RIDE161,DRONE10,2024-08-28T03:00:00,Uptown,Fog
RIDE162,DRONE8,2024-08-09T02:00:00,Uptown,Rain
RIDE163,DRONE2,2024-08-27T11:00:00,Midtown,Wind
RIDE164,DRONE8,2024-08-11T16:00:00,Downtown,Clear
RIDE165,DRONE19,2024-08-29T22:00:00,Downtown,Wind
RIDE166,DRONE3,2024-08-29T03:00:00,Midtown,Clear
RIDE167,DRONE3,2024-08-30T01:00:00,Suburb,Fog
RIDE168,DRONE16,2024-08-06T20:00:00,Suburb,Rain
RIDE169,DRONE3,2024-08-27T19:00:00,Midtown,Rain
RIDE170,DRONE18,2024-08-05T03:00:00,Downtown,Fog
RIDE171,DRONE5,2024-08-27T18:00:00,Downtown,Wind
RIDE172,DRONE5,2024-08-28T13:00:00,Suburb,Storm
RIDE173,DRONE16,2024-08-02T16:00:00,Uptown,Fog
RIDE174,DRONE18,2024-08-14T04:00:00,Midtown,Clear
RIDE175,DRONE6,2024-08-19T19:00:00,Midtown,Wind
RIDE176,DRONE9,2024-08-02T10:00:00,Suburb,Storm
RIDE177,DRONE17,2024-08-25T17:00:00,Midtown,Rain
RIDE178,DRONE20,2024-08-16T13:00:00,Downtown,Clear
RIDE179,DRONE14,2024-08-06T14:00:00,Suburb,Rain
RIDE180,DRONE7,2024-08-04T20:00:00,Downtown,Clear
RIDE181,DRONE18,2024-08-13T14:00:00,Uptown,Storm
RIDE182,DRONE7,2024-08-14T22:00:00,Midtown,Clear
RIDE183,DRONE10,2024-08-18T17:00:00,Midtown,Storm
RIDE184,DRONE13,2024-08-08T11:00:00,Downtown,Fog
RIDE185,DRONE12,2024-08-09T13:00:00,Suburb,Fog
RIDE186,DRONE15,2024-08-06T15:00:00,Suburb,Clear
RIDE187,DRONE17,2024-08-24T00:00:00,Midtown,Wind
RIDE188,DRONE15,2024-08-16T14:00:00,Downtown,Rain
RIDE189,DRONE4,2024-08-23T15:00:00,Uptown,Clear
RIDE190,DRONE8,2024-08-22T09:00:00,Downtown,Clear
RIDE191,DRONE8,2024-08-12T15:00:00,Suburb,Rain
RIDE192,DRONE3,2024-08-08T00:00:00,Midtown,Clear
RIDE193,DRONE11,2024-08-11T23:00:00,Midtown,Rain
RIDE194,DRONE1,2024-08-21T13:00:00,Midtown,Storm
RIDE195,DRONE19,2024-08-13T14:00:00,Uptown,Wind
RIDE196,DRONE18,2024-08-15T10:00:00,Uptown,Fog
RIDE197,DRONE8,2024-08-05T21:00:00,Suburb,Fog
RIDE198,DRONE19,2024-08-20T23:00:00,Downtown,Wind
RIDE199,DRONE8,2024-08-04T05:00:00,Downtown,Rain
RIDE200,DRONE1,2024-08-07T00:00:00,Downtown,Wind
RIDE201,DRONE3,2024-08-10T15:00:00,Uptown,Rain
RIDE202,DRONE2,2024-08-29T20:00:00,Midtown,Wind
RIDE203,DRONE8,2024-08-29T18:00:00,Suburb,Clear
RIDE204,DRONE3,2024-08-17T22:00:00,Suburb,Clear
RIDE205,DRONE2,2024-08-24T18:00:00,Uptown,Wind
RIDE206,DRONE11,2024-08-16T14:00:00,Uptown,Storm
RIDE207,DRONE3,2024-08-04T20:00:00,Midtown,Wind
RIDE208,DRONE17,2024-08-17T20:00:00,Midtown,Fog
RIDE209,DRONE8,2024-08-01T14:00:00,Uptown,Clear
RIDE210,DRONE9,2024-08-12T06:00:00,Suburb,Wind
RIDE211,DRONE16,2024-08-23T21:00:00,Midtown,Fog
RIDE212,DRONE7,2024-08-06T06:00:00,Midtown,Clear
RIDE213,DRONE18,2024-08-20T09:00:00,Suburb,Storm
RIDE214,DRONE5,2024-08-16T17:00:00,Midtown,Storm
RIDE215,DRONE19,2024-08-29T16:00:00,Suburb,Fog
RIDE216,DRONE19,2024-08-29T16:00:00,Downtown,Wind
RIDE217,DRONE16,2024-08-12T04:00:00,Midtown,Clear
RIDE218,DRONE8,2024-08-25T22:00:00,Midtown,Storm
RIDE219,DRONE16,2024-08-17T06:00:00,Downtown,Fog
RIDE220,DRONE14,2024-08-28T05:00:00,Suburb,Rain
RIDE221,DRONE7,2024-08-16T20:00:00,Midtown,Wind
RIDE222,DRONE4,2024-08-05T14:00:00,Downtown,Rain
RIDE223,DRONE4,2024-08-29T19:00:00,Suburb,Wind
RIDE224,DRONE14,2024-08-10T23:00:00,Midtown,Clear
RIDE225,DRONE12,2024-08-21T02:00:00,Uptown,Fog
RIDE226,DRONE14,2024-08-02T01:00:00,Downtown,Clear
RIDE227,DRONE14,2024-08-27T10:00:00,Suburb,Rain
RIDE228,DRONE15,2024-08-24T22:00:00,Uptown,Fog
RIDE229,DRONE2,2024-08-14T23:00:00,Suburb,Clear
RIDE230,DRONE4,2024-08-27T00:00:00,Uptown,Clear
RIDE231,DRONE2,2024-08-10T10:00:00,Uptown,Clear
RIDE232,DRONE13,2024-08-28T15:00:00,Downtown,Rain
RIDE233,DRONE11,2024-08-03T16:00:00,Downtown,Clear
RIDE234,DRONE4,2024-08-28T02:00:00,Uptown,Storm
RIDE235,DRONE8,2024-08-20T19:00:00,Downtown,Wind
RIDE236,DRONE7,2024-08-30T21:00:00,Suburb,Storm
RIDE237,DRONE7,2024-08-13T21:00:00,Midtown,Rain
RIDE238,DRONE18,2024-08-28T16:00:00,Suburb,Rain
RIDE239,DRONE15,2024-08-18T10:00:00,Uptown,Clear
RIDE240,DRONE5,2024-08-05T23:00:00,Suburb,Fog
RIDE241,DRONE14,2024-08-06T23:00:00,Uptown,Storm
RIDE242,DRONE6,2024-08-02T22:00:00,Suburb,Rain
RIDE243,DRONE9,2024-08-02T14:00:00,Suburb,Wind
RIDE244,DRONE15,2024-08-13T23:00:00,Downtown,Rain
RIDE245,DRONE8,2024-08-22T00:00:00,Uptown,Storm
RIDE246,DRONE3,2024-08-05T22:00:00,Uptown,Wind
RIDE247,DRONE15,2024-08-05T03:00:00,Midtown,Wind
RIDE248,DRONE18,2024-08-11T00:00:00,Suburb,Clear
RIDE249,DRONE4,2024-08-23T22:00:00,Suburb,Fog
RIDE250,DRONE2,2024-08-06T18:00:00,Midtown,Wind
RIDE251,DRONE18,2024-08-17T13:00:00,Uptown,Clear
RIDE252,DRONE1,2024-08-20T08:00:00,Suburb,Fog
RIDE253,DRONE3,2024-08-16T19:00:00,Midtown,Clear
RIDE254,DRONE8,2024-08-29T14:00:00,Midtown,Rain
RIDE255,DRONE6,2024-08-30T17:00:00,Midtown,Rain
RIDE256,DRONE14,2024-08-24T01:00:00,Suburb,Fog
RIDE257,DRONE16,2024-08-18T21:00:00,Uptown,Clear
RIDE258,DRONE16,2024-08-26T01:00:00,Uptown,Storm
RIDE259,DRONE7,2024-08-07T14:00:00,Midtown,Clear
RIDE260,DRONE13,2024-08-18T16:00:00,Midtown,Storm
RIDE261,DRONE2,2024-08-28T22:00:00,Uptown,Wind
RIDE262,DRONE6,2024-08-05T05:00:00,Midtown,Wind
RIDE263,DRONE13,2024-08-21T21:00:00,Midtown,Wind
RIDE264,DRONE1,2024-08-27T06:00:00,Uptown,Clear
RIDE265,DRONE13,2024-08-18T09:00:00,Suburb,Fog
RIDE266,DRONE9,2024-08-12T22:00:00,Midtown,Storm
RIDE267,DRONE15,2024-08-02T09:00:00,Suburb,Clear
RIDE268,DRONE10,2024-08-30T10:00:00,Midtown,Wind
RIDE269,DRONE14,2024-08-16T19:00:00,Midtown,Rain
RIDE270,DRONE18,2024-08-10T06:00:00,Midtown,Wind
RIDE271,DRONE16,2024-08-19T22:00:00,Downtown,Fog
RIDE272,DRONE5,2024-08-19T23:00:00,Suburb,Wind
RIDE273,DRONE7,2024-08-11T01:00:00,Suburb,Fog
RIDE274,DRONE10,2024-08-16T11:00:00,Midtown,Rain
RIDE275,DRONE7,2024-08-05T05:00:00,Uptown,Storm
RIDE276,DRONE2,2024-08-30T06:00:00,Midtown,Wind
RIDE277,DRONE19,2024-08-16T16:00:00,Downtown,Fog
RIDE278,DRONE18,2024-08-24T05:00:00,Midtown,Storm
RIDE279,DRONE2,2024-08-28T12:00:00,Downtown,Rain
RIDE280,DRONE11,2024-08-16T07:00:00,Midtown,Fog
RIDE281,DRONE2,2024-08-03T14:00:00,Suburb,Rain
RIDE282,DRONE2,2024-08-17T23:00:00,Midtown,Rain
RIDE283,DRONE19,2024-08-12T18:00:00,Suburb,Clear
RIDE284,DRONE16,2024-08-09T02:00:00,Uptown,Storm
RIDE285,DRONE17,2024-08-06T05:00:00,Uptown,Clear
RIDE286,DRONE17,2024-08-20T09:00:00,Midtown,Rain
RIDE287,DRONE6,2024-08-04T21:00:00,Midtown,Fog
RIDE288,DRONE2,2024-08-29T06:00:00,Uptown,Wind
RIDE289,DRONE17,2024-08-10T01:00:00,Downtown,Clear
RIDE290,DRONE3,2024-08-28T09:00:00,Uptown,Wind
RIDE291,DRONE6,2024-08-28T06:00:00,Uptown,Clear
RIDE292,DRONE3,2024-08-26T11:00:00,Downtown,Storm
RIDE293,DRONE20,2024-08-01T21:00:00,Uptown,Wind
RIDE294,DRONE3,2024-08-03T03:00:00,Uptown,Clear
RIDE295,DRONE8,2024-08-15T05:00:00,Downtown,Rain
RIDE296,DRONE13,2024-08-11T09:00:00,Downtown,Fog
RIDE297,DRONE4,2024-08-06T08:00:00,Suburb,Rain
RIDE298,DRONE19,2024-08-25T02:00:00,Midtown,Storm
RIDE299,DRONE8,2024-08-09T18:00:00,Suburb,Storm
RIDE300,DRONE19,2024-08-03T22:00:00,Downtown,Clear
RIDE301,DRONE20,2024-08-24T15:00:00,Uptown,Rain
RIDE302,DRONE2,2024-08-09T20:00:00,Downtown,Wind
RIDE303,DRONE20,2024-08-26T00:00:00,Uptown,Clear
RIDE304,DRONE3,2024-08-10T05:00:00,Suburb,Clear
RIDE305,DRONE14,2024-08-10T22:00:00,Suburb,Rain
RIDE306,DRONE19,2024-08-15T00:00:00,Suburb,Fog
RIDE307,DRONE19,2024-08-07T07:00:00,Uptown,Storm
RIDE308,DRONE17,2024-08-26T10:00:00,Midtown,Wind
RIDE309,DRONE11,2024-08-01T02:00:00,Midtown,Storm
RIDE310,DRONE9,2024-08-12T19:00:00,Midtown,Clear
RIDE311,DRONE7,2024-08-07T04:00:00,Downtown,Fog
RIDE312,DRONE11,2024-08-06T13:00:00,Downtown,Clear
RIDE313,DRONE8,2024-08-24T01:00:00,Uptown,Fog
RIDE314,DRONE9,2024-08-11T16:00:00,Downtown,Rain
RIDE315,DRONE13,2024-08-08T10:00:00,Uptown,Storm
RIDE316,DRONE5,2024-08-05T16:00:00,Suburb,Clear
RIDE317,DRONE10,2024-08-29T04:00:00,Uptown,Fog
RIDE318,DRONE15,2024-08-02T02:00:00,Downtown,Fog
RIDE319,DRONE11,2024-08-06T14:00:00,Suburb,Clear
RIDE320,DRONE3,2024-08-01T15:00:00,Suburb,Storm
RIDE321,DRONE1,2024-08-16T06:00:00,Uptown,Rain
RIDE322,DRONE15,2024-08-11T03:00:00,Midtown,Rain
RIDE323,DRONE20,2024-08-26T02:00:00,Downtown,Wind
RIDE324,DRONE19,2024-08-14T19:00:00,Downtown,Wind
RIDE325,DRONE4,2024-08-01T16:00:00,Midtown,Wind
RIDE326,DRONE3,2024-08-08T10:00:00,Downtown,Storm
RIDE327,DRONE18,2024-08-12T07:00:00,Midtown,Wind
RIDE328,DRONE7,2024-08-03T05:00:00,Midtown,Wind
RIDE329,DRONE17,2024-08-06T09:00:00,Suburb,Storm
RIDE330,DRONE9,2024-08-18T23:00:00,Suburb,Wind
RIDE331,DRONE5,2024-08-23T10:00:00,Uptown,Rain
RIDE332,DRONE12,2024-08-05T20:00:00,Suburb,Clear
RIDE333,DRONE3,2024-08-03T17:00:00,Midtown,Rain
RIDE334,DRONE8,2024-08-21T07:00:00,Uptown,Rain
RIDE335,DRONE12,2024-08-20T03:00:00,Downtown,Fog
RIDE336,DRONE10,2024-08-16T10:00:00,Midtown,Clear
RIDE337,DRONE6,2024-08-22T21:00:00,Uptown,Rain
RIDE338,DRONE15,2024-08-26T07:00:00,Suburb,Clear
RIDE339,DRONE18,2024-08-05T15:00:00,Midtown,Rain
RIDE340,DRONE10,2024-08-20T06:00:00,Uptown,Storm
RIDE341,DRONE20,2024-08-22T11:00:00,Downtown,Storm
RIDE342,DRONE17,2024-08-10T10:00:00,Midtown,Wind
RIDE343,DRONE1,2024-08-27T05:00:00,Midtown,Storm
RIDE344,DRONE18,2024-08-02T20:00:00,Uptown,Clear
RIDE345,DRONE10,2024-08-29T02:00:00,Uptown,Fog
RIDE346,DRONE4,2024-08-23T05:00:00,Suburb,Wind
RIDE347,DRONE5,2024-08-13T20:00:00,Suburb,Rain
RIDE348,DRONE9,2024-08-20T13:00:00,Midtown,Storm
RIDE349,DRONE4,2024-08-28T10:00:00,Downtown,Wind
RIDE350,DRONE4,2024-08-02T07:00:00,Suburb,Storm
RIDE351,DRONE18,2024-08-03T14:00:00,Downtown,Wind
RIDE352,DRONE5,2024-08-21T10:00:00,Uptown,Clear
RIDE353,DRONE9,2024-08-18T03:00:00,Uptown,Clear
RIDE354,DRONE10,2024-08-19T04:00:00,Suburb,Rain
RIDE355,DRONE20,2024-08-30T06:00:00,Midtown,Wind
RIDE356,DRONE7,2024-08-05T14:00:00,Uptown,Fog
RIDE357,DRONE11,2024-08-21T22:00:00,Downtown,Clear
RIDE358,DRONE7,2024-08-19T22:00:00,Midtown,Rain
RIDE359,DRONE9,2024-08-04T03:00:00,Suburb,Wind
RIDE360,DRONE17,2024-08-04T10:00:00,Uptown,Rain
RIDE361,DRONE16,2024-08-14T17:00:00,Suburb,Clear
RIDE362,DRONE9,2024-08-26T22:00:00,Midtown,Rain
RIDE363,DRONE2,2024-08-07T07:00:00,Midtown,Wind
RIDE364,DRONE3,2024-08-03T19:00:00,Midtown,Storm
RIDE365,DRONE14,2024-08-06T09:00:00,Downtown,Fog
RIDE366,DRONE9,2024-08-12T17:00:00,Midtown,Clear
RIDE367,DRONE2,2024-08-27T15:00:00,Midtown,Wind
RIDE368,DRONE1,2024-08-28T00:00:00,Uptown,Wind
RIDE369,DRONE11,2024-08-25T23:00:00,Downtown,Rain
RIDE370,DRONE5,2024-08-24T09:00:00,Downtown,Clear
RIDE371,DRONE9,2024-08-14T20:00:00,Suburb,Storm
RIDE372,DRONE6,2024-08-17T06:00:00,Midtown,Storm
RIDE373,DRONE15,2024-08-26T11:00:00,Uptown,Fog
RIDE374,DRONE18,2024-08-23T15:00:00,Suburb,Fog
RIDE375,DRONE14,2024-08-13T13:00:00,Midtown,Rain
RIDE376,DRONE18,2024-08-20T08:00:00,Downtown,Clear
RIDE377,DRONE1,2024-08-22T13:00:00,Midtown,Storm
RIDE378,DRONE4,2024-08-26T19:00:00,Midtown,Clear
RIDE379,DRONE3,2024-08-19T08:00:00,Uptown,Rain
RIDE380,DRONE5,2024-08-05T05:00:00,Uptown,Clear
RIDE381,DRONE18,2024-08-30T22:00:00,Uptown,Clear
RIDE382,DRONE2,2024-08-05T21:00:00,Suburb,Clear
RIDE383,DRONE12,2024-08-28T22:00:00,Uptown,Rain
RIDE384,DRONE19,2024-08-28T18:00:00,Suburb,Rain
RIDE385,DRONE18,2024-08-24T12:00:00,Midtown,Rain
RIDE386,DRONE5,2024-08-10T04:00:00,Suburb,Storm
RIDE387,DRONE14,2024-08-19T08:00:00,Suburb,Wind
RIDE388,DRONE5,2024-08-20T06:00:00,Uptown,Clear
RIDE389,DRONE2,2024-08-10T17:00:00,Uptown,Fog
RIDE390,DRONE10,2024-08-18T15:00:00,Downtown,Fog
RIDE391,DRONE12,2024-08-15T11:00:00,Suburb,Wind
RIDE392,DRONE2,2024-08-20T08:00:00,Midtown,Clear
RIDE393,DRONE12,2024-08-18T00:00:00,Downtown,Clear
RIDE394,DRONE7,2024-08-18T17:00:00,Downtown,Clear
RIDE395,DRONE8,2024-08-05T01:00:00,Downtown,Rain
RIDE396,DRONE4,2024-08-14T08:00:00,Uptown,Storm
RIDE397,DRONE12,2024-08-19T05:00:00,Uptown,Rain
RIDE398,DRONE18,2024-08-14T08:00:00,Uptown,Clear
RIDE399,DRONE14,2024-08-29T09:00:00,Midtown,Wind
RIDE400,DRONE20,2024-08-11T21:00:00,Suburb,Clear
RIDE401,DRONE5,2024-08-16T23:00:00,Downtown,Clear
RIDE402,DRONE8,2024-08-07T12:00:00,Uptown,Storm
RIDE403,DRONE6,2024-08-30T07:00:00,Suburb,Clear
RIDE404,DRONE6,2024-08-21T05:00:00,Downtown,Rain
RIDE405,DRONE14,2024-08-03T20:00:00,Suburb,Fog
RIDE406,DRONE1,2024-08-04T21:00:00,Downtown,Storm
RIDE407,DRONE6,2024-08-04T15:00:00,Suburb,Storm
RIDE408,DRONE11,2024-08-04T23:00:00,Uptown,Storm
RIDE409,DRONE14,2024-08-19T10:00:00,Suburb,Clear
RIDE410,DRONE8,2024-08-05T02:00:00,Suburb,Storm
RIDE411,DRONE9,2024-08-16T21:00:00,Downtown,Storm
RIDE412,DRONE6,2024-08-06T13:00:00,Suburb,Rain
RIDE413,DRONE4,2024-08-24T17:00:00,Midtown,Wind
RIDE414,DRONE13,2024-08-03T13:00:00,Downtown,Rain
RIDE415,DRONE2,2024-08-26T00:00:00,Suburb,Rain
RIDE416,DRONE16,2024-08-24T23:00:00,Midtown,Wind
RIDE417,DRONE8,2024-08-24T23:00:00,Downtown,Wind
RIDE418,DRONE7,2024-08-15T01:00:00,Uptown,Storm
RIDE419,DRONE15,2024-08-29T14:00:00,Downtown,Rain
RIDE420,DRONE12,2024-08-06T05:00:00,Downtown,Clear
RIDE421,DRONE10,2024-08-18T12:00:00,Suburb,Fog
RIDE422,DRONE8,2024-08-16T02:00:00,Midtown,Fog
RIDE423,DRONE8,2024-08-29T09:00:00,Downtown,Fog
RIDE424,DRONE1,2024-08-19T01:00:00,Downtown,Rain
RIDE425,DRONE7,2024-08-03T04:00:00,Downtown,Wind
RIDE426,DRONE13,2024-08-13T06:00:00,Suburb,Storm
RIDE427,DRONE11,2024-08-26T14:00:00,Downtown,Storm
RIDE428,DRONE9,2024-08-14T07:00:00,Midtown,Fog
RIDE429,DRONE3,2024-08-16T00:00:00,Suburb,Storm
RIDE430,DRONE9,2024-08-05T10:00:00,Uptown,Clear
RIDE431,DRONE12,2024-08-25T15:00:00,Uptown,Clear
RIDE432,DRONE17,2024-08-22T15:00:00,Suburb,Wind
RIDE433,DRONE13,2024-08-10T01:00:00,Midtown,Storm
RIDE434,DRONE18,2024-08-07T14:00:00,Suburb,Rain
RIDE435,DRONE11,2024-08-29T00:00:00,Suburb,Storm
RIDE436,DRONE1,2024-08-21T13:00:00,Suburb,Rain
RIDE437,DRONE4,2024-08-10T13:00:00,Suburb,Fog
RIDE438,DRONE9,2024-08-05T14:00:00,Downtown,Rain
RIDE439,DRONE6,2024-08-15T22:00:00,Uptown,Fog
RIDE440,DRONE19,2024-08-24T17:00:00,Midtown,Clear
RIDE441,DRONE9,2024-08-16T16:00:00,Downtown,Storm
RIDE442,DRONE2,2024-08-05T21:00:00,Uptown,Wind
RIDE443,DRONE4,2024-08-12T21:00:00,Suburb,Storm
RIDE444,DRONE20,2024-08-25T11:00:00,Uptown,Fog
RIDE445,DRONE14,2024-08-10T15:00:00,Uptown,Storm
RIDE446,DRONE12,2024-08-19T07:00:00,Downtown,Wind
RIDE447,DRONE11,2024-08-24T22:00:00,Downtown,Fog
RIDE448,DRONE14,2024-08-27T12:00:00,Midtown,Fog
RIDE449,DRONE20,2024-08-27T04:00:00,Suburb,Wind
RIDE450,DRONE17,2024-08-29T19:00:00,Suburb,Storm
RIDE451,DRONE4,2024-08-28T10:00:00,Suburb,Wind
RIDE452,DRONE13,2024-08-24T18:00:00,Uptown,Rain
RIDE453,DRONE19,2024-08-02T02:00:00,Uptown,Clear
RIDE454,DRONE7,2024-08-26T23:00:00,Suburb,Wind
RIDE455,DRONE9,2024-08-29T01:00:00,Midtown,Fog
RIDE456,DRONE2,2024-08-30T14:00:00,Uptown,Rain
RIDE457,DRONE14,2024-08-12T09:00:00,Midtown,Clear
RIDE458,DRONE1,2024-08-02T05:00:00,Uptown,Wind
RIDE459,DRONE17,2024-08-08T16:00:00,Downtown,Clear
RIDE460,DRONE18,2024-08-12T15:00:00,Downtown,Storm
RIDE461,DRONE7,2024-08-30T23:00:00,Suburb,Fog
RIDE462,DRONE12,2024-08-14T04:00:00,Downtown,Wind
RIDE463,DRONE14,2024-08-15T11:00:00,Uptown,Fog
RIDE464,DRONE3,2024-08-15T23:00:00,Uptown,Rain
RIDE465,DRONE11,2024-08-01T06:00:00,Downtown,Rain
RIDE466,DRONE20,2024-08-08T17:00:00,Downtown,Clear
RIDE467,DRONE11,2024-08-07T02:00:00,Downtown,Rain
RIDE468,DRONE4,2024-08-25T03:00:00,Suburb,Rain
RIDE469,DRONE10,2024-08-29T01:00:00,Downtown,Wind
RIDE470,DRONE17,2024-08-18T02:00:00,Uptown,Fog
RIDE471,DRONE10,2024-08-03T23:00:00,Downtown,Clear
RIDE472,DRONE14,2024-08-07T01:00:00,Suburb,Rain
RIDE473,DRONE11,2024-08-28T00:00:00,Suburb,Fog
RIDE474,DRONE13,2024-08-02T07:00:00,Uptown,Storm
RIDE475,DRONE10,2024-08-04T21:00:00,Uptown,Wind
RIDE476,DRONE18,2024-08-23T15:00:00,Downtown,Rain
RIDE477,DRONE5,2024-08-10T04:00:00,Uptown,Rain
RIDE478,DRONE7,2024-08-17T01:00:00,Midtown,Rain
RIDE479,DRONE14,2024-08-18T21:00:00,Uptown,Fog
RIDE480,DRONE13,2024-08-20T08:00:00,Midtown,Wind
RIDE481,DRONE6,2024-08-15T13:00:00,Midtown,Wind
RIDE482,DRONE20,2024-08-07T17:00:00,Uptown,Fog
RIDE483,DRONE19,2024-08-16T18:00:00,Midtown,Clear
RIDE484,DRONE10,2024-08-14T07:00:00,Uptown,Wind
RIDE485,DRONE13,2024-08-14T20:00:00,Uptown,Fog
RIDE486,DRONE18,2024-08-25T05:00:00,Suburb,Fog
RIDE487,DRONE1,2024-08-26T10:00:00,Midtown,Rain
RIDE488,DRONE10,2024-08-04T14:00:00,Midtown,Fog
RIDE489,DRONE10,2024-08-03T05:00:00,Downtown,Rain
RIDE490,DRONE7,2024-08-07T15:00:00,Uptown,Storm
RIDE491,DRONE14,2024-08-07T17:00:00,Suburb,Fog
RIDE492,DRONE19,2024-08-27T08:00:00,Suburb,Wind
RIDE493,DRONE20,2024-08-03T02:00:00,Downtown,Rain
RIDE494,DRONE11,2024-08-29T18:00:00,Midtown,Storm
RIDE495,DRONE15,2024-08-04T11:00:00,Suburb,Clear
RIDE496,DRONE15,2024-08-12T14:00:00,Midtown,Clear
RIDE497,DRONE15,2024-08-19T21:00:00,Suburb,Clear
RIDE498,DRONE7,2024-08-29T05:00:00,Suburb,Rain
RIDE499,DRONE17,2024-08-19T02:00:00,Uptown,Fog
RIDE500,DRONE16,2024-08-21T17:00:00,Midtown,Rain
RIDE501,DRONE6,2024-08-26T21:00:00,Suburb,Clear
RIDE502,DRONE3,2024-08-19T20:00:00,Uptown,Fog
RIDE503,DRONE10,2024-08-18T16:00:00,Suburb,Storm
RIDE504,DRONE17,2024-08-12T15:00:00,Uptown,Clear
RIDE505,DRONE20,2024-08-10T04:00:00,Uptown,Wind
RIDE506,DRONE11,2024-08-22T20:00:00,Midtown,Fog
RIDE507,DRONE3,2024-08-05T20:00:00,Uptown,Rain
RIDE508,DRONE8,2024-08-15T17:00:00,Suburb,Rain
RIDE509,DRONE10,2024-08-19T08:00:00,Downtown,Wind
RIDE510,DRONE8,2024-08-05T17:00:00,Suburb,Rain
RIDE511,DRONE7,2024-08-13T02:00:00,Suburb,Wind
RIDE512,DRONE5,2024-08-29T22:00:00,Uptown,Clear
RIDE513,DRONE1,2024-08-29T22:00:00,Suburb,Clear
RIDE514,DRONE2,2024-08-26T07:00:00,Uptown,Rain
RIDE515,DRONE8,2024-08-21T18:00:00,Midtown,Fog
RIDE516,DRONE16,2024-08-23T11:00:00,Uptown,Rain
RIDE517,DRONE20,2024-08-29T11:00:00,Midtown,Clear
RIDE518,DRONE3,2024-08-14T03:00:00,Downtown,Fog
RIDE519,DRONE15,2024-08-02T22:00:00,Suburb,Wind
RIDE520,DRONE14,2024-08-10T09:00:00,Midtown,Clear
RIDE521,DRONE19,2024-08-17T20:00:00,Downtown,Wind
RIDE522,DRONE7,2024-08-26T13:00:00,Uptown,Storm
RIDE523,DRONE13,2024-08-03T08:00:00,Downtown,Fog
RIDE524,DRONE16,2024-08-01T07:00:00,Midtown,Clear
RIDE525,DRONE13,2024-08-09T17:00:00,Suburb,Wind
RIDE526,DRONE8,2024-08-13T20:00:00,Downtown,Wind
RIDE527,DRONE5,2024-08-10T00:00:00,Downtown,Wind
RIDE528,DRONE1,2024-08-06T20:00:00,Uptown,Rain
RIDE529,DRONE4,2024-08-11T21:00:00,Uptown,Rain
RIDE530,DRONE14,2024-08-13T08:00:00,Suburb,Storm
RIDE531,DRONE8,2024-08-14T23:00:00,Uptown,Storm
RIDE532,DRONE6,2024-08-06T02:00:00,Midtown,Wind
RIDE533,DRONE17,2024-08-01T07:00:00,Midtown,Rain
RIDE534,DRONE15,2024-08-22T05:00:00,Downtown,Fog
RIDE535,DRONE2,2024-08-19T08:00:00,Uptown,Fog
RIDE536,DRONE18,2024-08-08T11:00:00,Uptown,Wind
RIDE537,DRONE8,2024-08-06T12:00:00,Downtown,Rain
RIDE538,DRONE4,2024-08-17T05:00:00,Suburb,Fog
RIDE539,DRONE15,2024-08-23T17:00:00,Uptown,Rain
RIDE540,DRONE5,2024-08-31T00:00:00,Uptown,Storm
RIDE541,DRONE15,2024-08-10T19:00:00,Suburb,Wind
RIDE542,DRONE17,2024-08-22T08:00:00,Uptown,Wind
RIDE543,DRONE18,2024-08-24T20:00:00,Midtown,Rain
RIDE544,DRONE20,2024-08-29T12:00:00,Midtown,Rain
RIDE545,DRONE11,2024-08-16T02:00:00,Suburb,Clear
RIDE546,DRONE15,2024-08-04T01:00:00,Suburb,Fog
RIDE547,DRONE20,2024-08-17T22:00:00,Midtown,Storm
RIDE548,DRONE17,2024-08-02T19:00:00,Midtown,Fog
RIDE549,DRONE14,2024-08-19T14:00:00,Midtown,Clear
RIDE550,DRONE18,2024-08-01T19:00:00,Midtown,Rain
RIDE551,DRONE15,2024-08-20T14:00:00,Suburb,Fog
RIDE552,DRONE6,2024-08-04T07:00:00,Suburb,Wind
RIDE553,DRONE16,2024-08-14T08:00:00,Downtown,Fog
RIDE554,DRONE15,2024-08-25T13:00:00,Suburb,Rain
RIDE555,DRONE9,2024-08-19T07:00:00,Midtown,Fog
RIDE556,DRONE8,2024-08-25T11:00:00,Uptown,Clear
RIDE557,DRONE9,2024-08-18T06:00:00,Midtown,Storm
RIDE558,DRONE17,2024-08-28T07:00:00,Midtown,Rain
RIDE559,DRONE16,2024-08-18T19:00:00,Suburb,Wind
RIDE560,DRONE8,2024-08-13T08:00:00,Downtown,Clear
RIDE561,DRONE9,2024-08-05T21:00:00,Uptown,Rain
RIDE562,DRONE15,2024-08-18T06:00:00,Uptown,Wind
RIDE563,DRONE3,2024-08-01T21:00:00,Downtown,Wind
RIDE564,DRONE10,2024-08-14T20:00:00,Midtown,Rain
RIDE565,DRONE8,2024-08-08T07:00:00,Suburb,Clear
RIDE566,DRONE9,2024-08-27T08:00:00,Midtown,Wind
RIDE567,DRONE11,2024-08-20T15:00:00,Uptown,Storm
RIDE568,DRONE11,2024-08-30T10:00:00,Uptown,Clear
RIDE569,DRONE18,2024-08-16T10:00:00,Midtown,Wind
RIDE570,DRONE3,2024-08-04T18:00:00,Uptown,Rain
RIDE571,DRONE5,2024-08-19T15:00:00,Suburb,Rain
RIDE572,DRONE5,2024-08-05T12:00:00,Uptown,Clear
RIDE573,DRONE8,2024-08-11T09:00:00,Suburb,Wind
RIDE574,DRONE13,2024-08-19T14:00:00,Midtown,Wind
RIDE575,DRONE5,2024-08-26T03:00:00,Midtown,Clear
RIDE576,DRONE7,2024-08-18T02:00:00,Suburb,Clear
RIDE577,DRONE3,2024-08-23T08:00:00,Suburb,Clear
RIDE578,DRONE14,2024-08-04T08:00:00,Suburb,Storm
RIDE579,DRONE14,2024-08-17T21:00:00,Uptown,Storm
RIDE580,DRONE11,2024-08-14T05:00:00,Midtown,Storm
RIDE581,DRONE18,2024-08-15T11:00:00,Uptown,Rain
RIDE582,DRONE15,2024-08-10T10:00:00,Uptown,Storm
RIDE583,DRONE14,2024-08-15T05:00:00,Suburb,Storm
RIDE584,DRONE2,2024-08-08T04:00:00,Uptown,Storm
RIDE585,DRONE7,2024-08-04T06:00:00,Downtown,Wind
RIDE586,DRONE14,2024-08-22T18:00:00,Downtown,Fog
RIDE587,DRONE13,2024-08-28T00:00:00,Downtown,Storm
RIDE588,DRONE19,2024-08-05T20:00:00,Downtown,Clear
RIDE589,DRONE1,2024-08-23T15:00:00,Downtown,Storm
RIDE590,DRONE19,2024-08-22T18:00:00,Suburb,Fog
RIDE591,DRONE13,2024-08-09T06:00:00,Uptown,Rain
RIDE592,DRONE16,2024-08-15T21:00:00,Uptown,Rain
RIDE593,DRONE1,2024-08-15T23:00:00,Downtown,Storm
RIDE594,DRONE12,2024-08-28T12:00:00,Uptown,Clear
RIDE595,DRONE10,2024-08-07T07:00:00,Downtown,Clear
RIDE596,DRONE13,2024-08-11T01:00:00,Uptown,Wind
RIDE597,DRONE14,2024-08-05T09:00:00,Suburb,Clear
RIDE598,DRONE18,2024-08-07T05:00:00,Midtown,Wind
RIDE599,DRONE18,2024-08-11T22:00:00,Downtown,Wind
RIDE600,DRONE20,2024-08-09T10:00:00,Suburb,Clear
RIDE601,DRONE8,2024-08-08T09:00:00,Suburb,Clear
RIDE602,DRONE16,2024-08-26T16:00:00,Downtown,Wind
RIDE603,DRONE8,2024-08-07T12:00:00,Downtown,Rain
RIDE604,DRONE9,2024-08-28T23:00:00,Suburb,Storm
RIDE605,DRONE14,2024-08-04T05:00:00,Downtown,Rain
RIDE606,DRONE16,2024-08-08T13:00:00,Downtown,Clear
RIDE607,DRONE1,2024-08-27T19:00:00,Midtown,Fog
RIDE608,DRONE13,2024-08-22T01:00:00,Midtown,Clear
RIDE609,DRONE11,2024-08-20T19:00:00,Downtown,Wind
RIDE610,DRONE13,2024-08-25T01:00:00,Suburb,Fog
RIDE611,DRONE6,2024-08-25T17:00:00,Uptown,Fog
RIDE612,DRONE15,2024-08-20T03:00:00,Downtown,Storm
RIDE613,DRONE5,2024-08-30T01:00:00,Downtown,Clear
RIDE614,DRONE20,2024-08-25T02:00:00,Uptown,Storm
RIDE615,DRONE18,2024-08-28T10:00:00,Uptown,Rain
RIDE616,DRONE1,2024-08-28T02:00:00,Uptown,Fog
RIDE617,DRONE13,2024-08-27T15:00:00,Midtown,Storm
RIDE618,DRONE19,2024-08-14T18:00:00,Midtown,Rain
RIDE619,DRONE19,2024-08-27T18:00:00,Midtown,Clear
RIDE620,DRONE1,2024-08-14T11:00:00,Suburb,Clear
RIDE621,DRONE3,2024-08-07T10:00:00,Downtown,Wind
RIDE622,DRONE14,2024-08-19T18:00:00,Midtown,Rain
RIDE623,DRONE5,2024-08-03T21:00:00,Suburb,Rain
RIDE624,DRONE15,2024-08-21T00:00:00,Suburb,Storm
RIDE625,DRONE6,2024-08-19T20:00:00,Uptown,Fog
RIDE626,DRONE2,2024-08-27T22:00:00,Uptown,Fog
RIDE627,DRONE9,2024-08-13T22:00:00,Midtown,Wind
RIDE628,DRONE13,2024-08-12T17:00:00,Downtown,Wind
RIDE629,DRONE11,2024-08-26T05:00:00,Downtown,Wind
RIDE630,DRONE7,2024-08-03T09:00:00,Downtown,Rain
RIDE631,DRONE15,2024-08-16T00:00:00,Suburb,Clear
RIDE632,DRONE11,2024-08-22T15:00:00,Suburb,Clear
RIDE633,DRONE11,2024-08-04T03:00:00,Suburb,Storm
RIDE634,DRONE13,2024-08-14T05:00:00,Suburb,Fog
RIDE635,DRONE9,2024-08-20T16:00:00,Downtown,Fog
RIDE636,DRONE14,2024-08-20T06:00:00,Downtown,Storm
RIDE637,DRONE9,2024-08-02T14:00:00,Uptown,Rain
RIDE638,DRONE3,2024-08-03T10:00:00,Downtown,Clear
RIDE639,DRONE16,2024-08-16T17:00:00,Suburb,Wind
RIDE640,DRONE1,2024-08-13T05:00:00,Suburb,Clear
RIDE641,DRONE18,2024-08-04T06:00:00,Midtown,Storm
RIDE642,DRONE2,2024-08-28T12:00:00,Downtown,Clear
RIDE643,DRONE12,2024-08-04T20:00:00,Downtown,Wind
RIDE644,DRONE8,2024-08-27T05:00:00,Uptown,Fog
RIDE645,DRONE3,2024-08-26T08:00:00,Uptown,Storm
RIDE646,DRONE2,2024-08-22T15:00:00,Suburb,Rain
RIDE647,DRONE1,2024-08-17T09:00:00,Midtown,Clear
RIDE648,DRONE8,2024-08-20T17:00:00,Downtown,Clear
RIDE649,DRONE7,2024-08-25T18:00:00,Downtown,Rain
RIDE650,DRONE1,2024-08-24T15:00:00,Midtown,Rain
RIDE651,DRONE20,2024-08-02T18:00:00,Downtown,Wind
RIDE652,DRONE5,2024-08-20T04:00:00,Uptown,Clear
RIDE653,DRONE8,2024-08-25T09:00:00,Midtown,Storm
RIDE654,DRONE5,2024-08-28T19:00:00,Downtown,Clear
RIDE655,DRONE16,2024-08-09T00:00:00,Uptown,Wind
RIDE656,DRONE4,2024-08-14T17:00:00,Uptown,Storm
RIDE657,DRONE19,2024-08-26T19:00:00,Suburb,Storm
RIDE658,DRONE7,2024-08-21T07:00:00,Downtown,Storm
RIDE659,DRONE15,2024-08-22T09:00:00,Midtown,Wind
RIDE660,DRONE9,2024-08-07T10:00:00,Uptown,Clear
RIDE661,DRONE12,2024-08-03T15:00:00,Uptown,Fog
RIDE662,DRONE6,2024-08-20T05:00:00,Suburb,Storm
RIDE663,DRONE20,2024-08-05T09:00:00,Midtown,Rain
RIDE664,DRONE20,2024-08-15T15:00:00,Suburb,Wind
RIDE665,DRONE4,2024-08-04T14:00:00,Uptown,Storm
RIDE666,DRONE6,2024-08-22T12:00:00,Downtown,Wind
RIDE667,DRONE10,2024-08-28T13:00:00,Midtown,Rain
RIDE668,DRONE4,2024-08-08T08:00:00,Downtown,Storm
RIDE669,DRONE19,2024-08-02T16:00:00,Downtown,Clear
RIDE670,DRONE1,2024-08-11T13:00:00,Suburb,Wind
RIDE671,DRONE10,2024-08-19T16:00:00,Uptown,Storm
RIDE672,DRONE19,2024-08-19T17:00:00,Downtown,Storm
RIDE673,DRONE13,2024-08-23T08:00:00,Midtown,Wind
RIDE674,DRONE13,2024-08-23T07:00:00,Suburb,Rain
RIDE675,DRONE7,2024-08-27T00:00:00,Midtown,Wind
RIDE676,DRONE3,2024-08-07T18:00:00,Downtown,Fog
RIDE677,DRONE19,2024-08-16T12:00:00,Midtown,Clear
RIDE678,DRONE8,2024-08-16T21:00:00,Suburb,Rain
RIDE679,DRONE4,2024-08-13T01:00:00,Suburb,Clear
RIDE680,DRONE10,2024-08-17T12:00:00,Uptown,Clear
RIDE681,DRONE20,2024-08-18T10:00:00,Midtown,Wind
RIDE682,DRONE4,2024-08-15T10:00:00,Suburb,Fog
RIDE683,DRONE19,2024-08-29T23:00:00,Suburb,Storm
RIDE684,DRONE2,2024-08-26T12:00:00,Uptown,Fog
RIDE685,DRONE12,2024-08-03T05:00:00,Suburb,Rain
RIDE686,DRONE18,2024-08-27T22:00:00,Downtown,Fog
RIDE687,DRONE14,2024-08-28T14:00:00,Midtown,Clear
RIDE688,DRONE12,2024-08-15T06:00:00,Uptown,Storm
RIDE689,DRONE3,2024-08-03T19:00:00,Downtown,Fog
RIDE690,DRONE17,2024-08-15T01:00:00,Downtown,Storm
RIDE691,DRONE11,2024-08-05T00:00:00,Midtown,Fog
RIDE692,DRONE1,2024-08-24T19:00:00,Uptown,Storm
RIDE693,DRONE14,2024-08-29T22:00:00,Suburb,Fog
RIDE694,DRONE16,2024-08-17T11:00:00,Uptown,Rain
RIDE695,DRONE4,2024-08-13T02:00:00,Suburb,Storm
RIDE696,DRONE14,2024-08-11T18:00:00,Midtown,Wind
RIDE697,DRONE12,2024-08-29T00:00:00,Midtown,Clear
RIDE698,DRONE15,2024-08-26T17:00:00,Downtown,Storm
RIDE699,DRONE5,2024-08-07T09:00:00,Downtown,Clear
RIDE700,DRONE14,2024-08-15T05:00:00,Downtown,Fog
RIDE701,DRONE6,2024-08-04T11:00:00,Midtown,Fog
RIDE702,DRONE17,2024-08-25T20:00:00,Suburb,Fog
RIDE703,DRONE9,2024-08-29T07:00:00,Midtown,Fog
RIDE704,DRONE20,2024-08-07T00:00:00,Midtown,Fog
RIDE705,DRONE18,2024-08-15T22:00:00,Downtown,Rain
RIDE706,DRONE16,2024-08-14T05:00:00,Uptown,Clear
RIDE707,DRONE15,2024-08-28T23:00:00,Downtown,Storm
RIDE708,DRONE14,2024-08-30T19:00:00,Uptown,Rain
RIDE709,DRONE19,2024-08-29T06:00:00,Suburb,Rain
RIDE710,DRONE9,2024-08-17T17:00:00,Suburb,Rain
RIDE711,DRONE11,2024-08-06T12:00:00,Suburb,Rain
RIDE712,DRONE8,2024-08-26T09:00:00,Downtown,Rain
RIDE713,DRONE3,2024-08-04T14:00:00,Downtown,Clear
RIDE714,DRONE9,2024-08-14T05:00:00,Downtown,Storm
RIDE715,DRONE15,2024-08-24T20:00:00,Midtown,Clear
RIDE716,DRONE8,2024-08-17T01:00:00,Downtown,Storm
RIDE717,DRONE15,2024-08-28T10:00:00,Midtown,Rain
RIDE718,DRONE19,2024-08-15T00:00:00,Suburb,Rain
RIDE719,DRONE20,2024-08-06T10:00:00,Downtown,Fog
RIDE720,DRONE13,2024-08-29T14:00:00,Midtown,Wind
RIDE721,DRONE11,2024-08-30T23:00:00,Suburb,Wind
RIDE722,DRONE1,2024-08-30T05:00:00,Suburb,Clear
RIDE723,DRONE16,2024-08-23T11:00:00,Downtown,Clear
RIDE724,DRONE11,2024-08-04T23:00:00,Uptown,Storm
RIDE725,DRONE6,2024-08-28T13:00:00,Uptown,Fog
RIDE726,DRONE16,2024-08-29T14:00:00,Suburb,Storm
RIDE727,DRONE7,2024-08-19T01:00:00,Uptown,Fog
RIDE728,DRONE12,2024-08-22T16:00:00,Uptown,Wind
RIDE729,DRONE9,2024-08-16T10:00:00,Midtown,Wind
RIDE730,DRONE11,2024-08-01T18:00:00,Midtown,Fog
RIDE731,DRONE9,2024-08-16T11:00:00,Midtown,Storm
RIDE732,DRONE20,2024-08-14T04:00:00,Suburb,Clear
RIDE733,DRONE9,2024-08-08T16:00:00,Uptown,Fog
RIDE734,DRONE18,2024-08-10T03:00:00,Downtown,Fog
RIDE735,DRONE1,2024-08-15T13:00:00,Uptown,Fog
RIDE736,DRONE17,2024-08-21T17:00:00,Suburb,Storm
RIDE737,DRONE7,2024-08-09T04:00:00,Midtown,Clear
RIDE738,DRONE3,2024-08-10T15:00:00,Suburb,Storm
RIDE739,DRONE8,2024-08-06T20:00:00,Midtown,Rain
RIDE740,DRONE14,2024-08-07T14:00:00,Suburb,Rain
RIDE741,DRONE16,2024-08-04T07:00:00,Downtown,Fog
RIDE742,DRONE18,2024-08-13T14:00:00,Midtown,Fog
RIDE743,DRONE8,2024-08-05T07:00:00,Midtown,Fog
RIDE744,DRONE16,2024-08-22T15:00:00,Uptown,Clear
RIDE745,DRONE16,2024-08-24T00:00:00,Suburb,Clear
RIDE746,DRONE15,2024-08-23T11:00:00,Uptown,Fog
RIDE747,DRONE1,2024-08-02T14:00:00,Suburb,Clear
RIDE748,DRONE3,2024-08-29T05:00:00,Downtown,Wind
RIDE749,DRONE10,2024-08-15T08:00:00,Uptown,Fog
RIDE750,DRONE8,2024-08-27T08:00:00,Midtown,Wind
RIDE751,DRONE13,2024-08-06T14:00:00,Downtown,Storm
RIDE752,DRONE8,2024-08-26T11:00:00,Suburb,Wind
RIDE753,DRONE10,2024-08-17T01:00:00,Midtown,Storm
RIDE754,DRONE19,2024-08-07T13:00:00,Suburb,Storm
RIDE755,DRONE12,2024-08-07T22:00:00,Midtown,Fog
RIDE756,DRONE16,2024-08-08T17:00:00,Suburb,Fog
RIDE757,DRONE18,2024-08-30T13:00:00,Midtown,Storm
RIDE758,DRONE17,2024-08-27T15:00:00,Suburb,Clear
RIDE759,DRONE12,2024-08-08T01:00:00,Uptown,Rain
RIDE760,DRONE14,2024-08-19T16:00:00,Midtown,Wind
RIDE761,DRONE18,2024-08-02T20:00:00,Midtown,Storm
RIDE762,DRONE11,2024-08-18T12:00:00,Uptown,Rain
RIDE763,DRONE12,2024-08-16T13:00:00,Suburb,Fog
RIDE764,DRONE15,2024-08-29T20:00:00,Midtown,Fog
RIDE765,DRONE9,2024-08-11T03:00:00,Uptown,Storm
RIDE766,DRONE10,2024-08-19T22:00:00,Suburb,Clear
RIDE767,DRONE9,2024-08-27T01:00:00,Midtown,Storm
RIDE768,DRONE8,2024-08-13T03:00:00,Midtown,Wind
RIDE769,DRONE4,2024-08-20T03:00:00,Suburb,Rain
RIDE770,DRONE7,2024-08-10T23:00:00,Uptown,Clear
RIDE771,DRONE11,2024-08-23T18:00:00,Midtown,Storm
RIDE772,DRONE4,2024-08-11T04:00:00,Suburb,Wind
RIDE773,DRONE18,2024-08-14T04:00:00,Midtown,Wind
RIDE774,DRONE6,2024-08-21T00:00:00,Suburb,Clear
RIDE775,DRONE7,2024-08-09T06:00:00,Midtown,Wind
RIDE776,DRONE7,2024-08-16T16:00:00,Downtown,Wind
RIDE777,DRONE16,2024-08-29T22:00:00,Uptown,Wind
RIDE778,DRONE9,2024-08-25T08:00:00,Uptown,Wind
RIDE779,DRONE19,2024-08-19T19:00:00,Downtown,Storm
RIDE780,DRONE17,2024-08-20T16:00:00,Suburb,Clear
RIDE781,DRONE20,2024-08-13T00:00:00,Uptown,Rain
RIDE782,DRONE10,2024-08-17T07:00:00,Suburb,Rain
RIDE783,DRONE4,2024-08-22T10:00:00,Midtown,Wind
RIDE784,DRONE7,2024-08-23T12:00:00,Downtown,Storm
RIDE785,DRONE10,2024-08-18T20:00:00,Suburb,Wind
RIDE786,DRONE8,2024-08-07T21:00:00,Suburb,Wind
RIDE787,DRONE12,2024-08-09T12:00:00,Uptown,Storm
RIDE788,DRONE6,2024-08-26T19:00:00,Midtown,Fog
RIDE789,DRONE10,2024-08-06T21:00:00,Uptown,Clear
RIDE790,DRONE1,2024-08-11T16:00:00,Midtown,Rain
RIDE791,DRONE18,2024-08-03T05:00:00,Uptown,Storm
RIDE792,DRONE5,2024-08-28T08:00:00,Suburb,Rain
RIDE793,DRONE9,2024-08-21T12:00:00,Suburb,Storm
RIDE794,DRONE2,2024-08-16T20:00:00,Downtown,Storm
RIDE795,DRONE2,2024-08-24T15:00:00,Suburb,Fog
RIDE796,DRONE18,2024-08-05T09:00:00,Suburb,Wind
RIDE797,DRONE10,2024-08-23T00:00:00,Suburb,Clear
RIDE798,DRONE5,2024-08-06T07:00:00,Suburb,Fog
RIDE799,DRONE16,2024-08-13T03:00:00,Downtown,Rain
RIDE800,DRONE4,2024-08-04T13:00:00,Midtown,Clear
RIDE801,DRONE1,2024-08-07T20:00:00,Downtown,Wind
RIDE802,DRONE19,2024-08-12T15:00:00,Downtown,Fog
RIDE803,DRONE10,2024-08-20T04:00:00,Uptown,Storm
RIDE804,DRONE16,2024-08-22T21:00:00,Midtown,Rain
RIDE805,DRONE16,2024-08-07T06:00:00,Uptown,Fog
RIDE806,DRONE15,2024-08-19T15:00:00,Downtown,Fog
RIDE807,DRONE11,2024-08-04T21:00:00,Suburb,Clear
RIDE808,DRONE6,2024-08-10T11:00:00,Midtown,Rain
RIDE809,DRONE2,2024-08-20T05:00:00,Suburb,Rain
RIDE810,DRONE9,2024-08-15T21:00:00,Downtown,Rain
RIDE811,DRONE16,2024-08-02T03:00:00,Downtown,Clear
RIDE812,DRONE4,2024-08-18T16:00:00,Downtown,Rain
RIDE813,DRONE3,2024-08-03T06:00:00,Midtown,Clear
RIDE814,DRONE13,2024-08-17T21:00:00,Uptown,Storm
RIDE815,DRONE16,2024-08-22T10:00:00,Uptown,Clear
RIDE816,DRONE3,2024-08-16T22:00:00,Suburb,Wind
RIDE817,DRONE19,2024-08-11T01:00:00,Midtown,Rain
RIDE818,DRONE2,2024-08-17T11:00:00,Suburb,Wind
RIDE819,DRONE5,2024-08-04T11:00:00,Suburb,Wind
RIDE820,DRONE5,2024-08-16T23:00:00,Uptown,Storm
RIDE821,DRONE19,2024-08-10T13:00:00,Midtown,Fog
RIDE822,DRONE10,2024-08-02T04:00:00,Downtown,Storm
RIDE823,DRONE3,2024-08-14T14:00:00,Suburb,Clear
RIDE824,DRONE8,2024-08-05T05:00:00,Downtown,Clear
RIDE825,DRONE4,2024-08-28T17:00:00,Midtown,Rain
RIDE826,DRONE18,2024-08-15T07:00:00,Suburb,Wind
RIDE827,DRONE14,2024-08-07T05:00:00,Downtown,Storm
RIDE828,DRONE20,2024-08-06T20:00:00,Downtown,Fog
RIDE829,DRONE20,2024-08-02T15:00:00,Uptown,Storm
RIDE830,DRONE20,2024-08-13T05:00:00,Midtown,Rain
RIDE831,DRONE8,2024-08-21T03:00:00,Midtown,Storm
RIDE832,DRONE17,2024-08-30T16:00:00,Midtown,Fog
RIDE833,DRONE13,2024-08-06T22:00:00,Suburb,Fog
RIDE834,DRONE15,2024-08-21T00:00:00,Uptown,Wind
RIDE835,DRONE15,2024-08-20T03:00:00,Suburb,Wind
RIDE836,DRONE10,2024-08-27T06:00:00,Midtown,Rain
RIDE837,DRONE19,2024-08-01T05:00:00,Suburb,Wind
RIDE838,DRONE14,2024-08-04T09:00:00,Downtown,Clear
RIDE839,DRONE10,2024-08-01T19:00:00,Suburb,Wind
RIDE840,DRONE19,2024-08-11T22:00:00,Suburb,Clear
RIDE841,DRONE20,2024-08-10T04:00:00,Midtown,Storm
RIDE842,DRONE2,2024-08-07T09:00:00,Downtown,Clear
RIDE843,DRONE20,2024-08-24T09:00:00,Midtown,Rain
RIDE844,DRONE4,2024-08-26T23:00:00,Downtown,Fog
RIDE845,DRONE7,2024-08-23T12:00:00,Downtown,Rain
RIDE846,DRONE7,2024-08-19T01:00:00,Downtown,Rain
RIDE847,DRONE9,2024-08-05T17:00:00,Midtown,Rain
RIDE848,DRONE3,2024-08-13T07:00:00,Downtown,Rain
RIDE849,DRONE6,2024-08-11T03:00:00,Uptown,Wind
RIDE850,DRONE8,2024-08-13T20:00:00,Uptown,Storm
RIDE851,DRONE6,2024-08-06T04:00:00,Uptown,Fog
RIDE852,DRONE18,2024-08-03T00:00:00,Uptown,Clear
RIDE853,DRONE3,2024-08-11T04:00:00,Midtown,Clear
RIDE854,DRONE6,2024-08-18T21:00:00,Suburb,Storm
RIDE855,DRONE1,2024-08-28T06:00:00,Suburb,Rain
RIDE856,DRONE14,2024-08-27T13:00:00,Uptown,Rain
RIDE857,DRONE15,2024-08-20T12:00:00,Suburb,Fog
RIDE858,DRONE20,2024-08-03T16:00:00,Uptown,Clear
RIDE859,DRONE16,2024-08-05T17:00:00,Uptown,Rain
RIDE860,DRONE10,2024-08-22T07:00:00,Suburb,Wind
RIDE861,DRONE2,2024-08-26T11:00:00,Suburb,Fog
RIDE862,DRONE8,2024-08-23T20:00:00,Downtown,Wind
RIDE863,DRONE10,2024-08-01T16:00:00,Uptown,Wind
RIDE864,DRONE10,2024-08-27T23:00:00,Suburb,Storm
RIDE865,DRONE15,2024-08-22T23:00:00,Suburb,Storm
RIDE866,DRONE3,2024-08-25T12:00:00,Suburb,Wind
RIDE867,DRONE8,2024-08-11T07:00:00,Downtown,Storm
RIDE868,DRONE9,2024-08-07T03:00:00,Uptown,Wind
RIDE869,DRONE19,2024-08-13T10:00:00,Uptown,Rain
RIDE870,DRONE7,2024-08-19T07:00:00,Midtown,Storm
RIDE871,DRONE14,2024-08-01T01:00:00,Downtown,Wind
RIDE872,DRONE4,2024-08-27T05:00:00,Downtown,Fog
RIDE873,DRONE18,2024-08-16T01:00:00,Uptown,Fog
RIDE874,DRONE8,2024-08-11T06:00:00,Midtown,Storm
RIDE875,DRONE5,2024-08-25T08:00:00,Midtown,Fog
RIDE876,DRONE9,2024-08-18T18:00:00,Uptown,Clear
RIDE877,DRONE5,2024-08-08T23:00:00,Suburb,Clear
RIDE878,DRONE3,2024-08-29T08:00:00,Downtown,Fog
RIDE879,DRONE2,2024-08-29T12:00:00,Midtown,Wind
RIDE880,DRONE6,2024-08-04T15:00:00,Suburb,Fog
RIDE881,DRONE10,2024-08-23T08:00:00,Midtown,Fog
RIDE882,DRONE20,2024-08-16T09:00:00,Suburb,Fog
RIDE883,DRONE19,2024-08-03T21:00:00,Suburb,Wind
RIDE884,DRONE10,2024-08-23T10:00:00,Downtown,Wind
RIDE885,DRONE15,2024-08-24T05:00:00,Midtown,Clear
RIDE886,DRONE4,2024-08-22T15:00:00,Midtown,Storm
RIDE887,DRONE15,2024-08-22T15:00:00,Suburb,Clear
RIDE888,DRONE10,2024-08-24T15:00:00,Uptown,Wind
RIDE889,DRONE13,2024-08-01T20:00:00,Midtown,Wind
RIDE890,DRONE9,2024-08-17T15:00:00,Downtown,Wind
RIDE891,DRONE17,2024-08-21T01:00:00,Uptown,Wind
RIDE892,DRONE18,2024-08-02T20:00:00,Midtown,Wind
RIDE893,DRONE16,2024-08-28T02:00:00,Downtown,Wind
RIDE894,DRONE15,2024-08-17T12:00:00,Uptown,Rain
RIDE895,DRONE3,2024-08-16T22:00:00,Midtown,Rain
RIDE896,DRONE20,2024-08-11T19:00:00,Downtown,Fog
RIDE897,DRONE2,2024-08-01T16:00:00,Uptown,Rain
RIDE898,DRONE14,2024-08-16T05:00:00,Midtown,Clear
RIDE899,DRONE11,2024-08-03T21:00:00,Uptown,Fog
RIDE900,DRONE20,2024-08-15T17:00:00,Suburb,Storm
RIDE901,DRONE9,2024-08-11T06:00:00,Suburb,Wind
RIDE902,DRONE1,2024-08-29T00:00:00,Uptown,Rain
RIDE903,DRONE3,2024-08-27T19:00:00,Suburb,Clear
RIDE904,DRONE8,2024-08-05T10:00:00,Suburb,Storm
RIDE905,DRONE19,2024-08-25T19:00:00,Uptown,Wind
RIDE906,DRONE19,2024-08-15T04:00:00,Suburb,Wind
RIDE907,DRONE1,2024-08-06T16:00:00,Uptown,Storm
RIDE908,DRONE9,2024-08-02T21:00:00,Uptown,Storm
RIDE909,DRONE19,2024-08-16T00:00:00,Suburb,Storm
RIDE910,DRONE2,2024-08-24T07:00:00,Midtown,Clear
RIDE911,DRONE6,2024-08-15T10:00:00,Uptown,Fog
RIDE912,DRONE16,2024-08-28T10:00:00,Uptown,Fog
RIDE913,DRONE17,2024-08-08T11:00:00,Midtown,Rain
RIDE914,DRONE15,2024-08-30T05:00:00,Suburb,Wind
RIDE915,DRONE9,2024-08-20T19:00:00,Downtown,Rain
RIDE916,DRONE6,2024-08-30T16:00:00,Midtown,Fog
RIDE917,DRONE19,2024-08-21T10:00:00,Downtown,Storm
RIDE918,DRONE14,2024-08-27T22:00:00,Suburb,Wind
RIDE919,DRONE16,2024-08-08T18:00:00,Uptown,Fog
RIDE920,DRONE3,2024-08-06T18:00:00,Uptown,Wind
RIDE921,DRONE16,2024-08-03T16:00:00,Suburb,Rain
RIDE922,DRONE12,2024-08-20T12:00:00,Suburb,Fog
RIDE923,DRONE14,2024-08-02T13:00:00,Suburb,Rain
RIDE924,DRONE11,2024-08-13T12:00:00,Suburb,Wind
RIDE925,DRONE11,2024-08-09T14:00:00,Suburb,Clear
RIDE926,DRONE4,2024-08-02T20:00:00,Suburb,Storm
RIDE927,DRONE6,2024-08-09T12:00:00,Suburb,Rain
RIDE928,DRONE11,2024-08-02T18:00:00,Uptown,Wind
RIDE929,DRONE14,2024-08-14T11:00:00,Downtown,Fog
RIDE930,DRONE16,2024-08-14T05:00:00,Downtown,Rain
RIDE931,DRONE10,2024-08-22T23:00:00,Uptown,Wind
RIDE932,DRONE13,2024-08-17T23:00:00,Midtown,Clear
RIDE933,DRONE18,2024-08-24T04:00:00,Downtown,Rain
RIDE934,DRONE2,2024-08-21T04:00:00,Midtown,Wind
RIDE935,DRONE15,2024-08-11T19:00:00,Uptown,Rain
RIDE936,DRONE3,2024-08-02T13:00:00,Midtown,Wind
RIDE937,DRONE11,2024-08-28T14:00:00,Uptown,Storm
RIDE938,DRONE9,2024-08-09T03:00:00,Suburb,Wind
RIDE939,DRONE11,2024-08-13T04:00:00,Suburb,Wind
RIDE940,DRONE4,2024-08-16T05:00:00,Downtown,Wind
RIDE941,DRONE13,2024-08-03T00:00:00,Downtown,Fog
RIDE942,DRONE17,2024-08-28T23:00:00,Midtown,Wind
RIDE943,DRONE1,2024-08-15T03:00:00,Midtown,Storm
RIDE944,DRONE18,2024-08-12T15:00:00,Downtown,Clear
RIDE945,DRONE15,2024-08-06T07:00:00,Suburb,Storm
RIDE946,DRONE14,2024-08-16T16:00:00,Uptown,Clear
RIDE947,DRONE2,2024-08-19T15:00:00,Suburb,Fog
RIDE948,DRONE7,2024-08-18T01:00:00,Downtown,Fog
RIDE949,DRONE17,2024-08-19T18:00:00,Uptown,Fog
RIDE950,DRONE12,2024-08-17T11:00:00,Midtown,Clear
RIDE951,DRONE20,2024-08-15T11:00:00,Downtown,Storm
RIDE952,DRONE16,2024-08-08T23:00:00,Suburb,Rain
RIDE953,DRONE15,2024-08-22T04:00:00,Midtown,Fog
RIDE954,DRONE2,2024-08-30T12:00:00,Midtown,Clear
RIDE955,DRONE7,2024-08-22T05:00:00,Downtown,Storm
RIDE956,DRONE9,2024-08-16T16:00:00,Suburb,Fog
RIDE957,DRONE18,2024-08-23T03:00:00,Downtown,Wind
RIDE958,DRONE5,2024-08-12T09:00:00,Uptown,Storm
RIDE959,DRONE10,2024-08-04T12:00:00,Uptown,Clear
RIDE960,DRONE15,2024-08-19T02:00:00,Midtown,Rain
RIDE961,DRONE16,2024-08-04T08:00:00,Suburb,Rain
RIDE962,DRONE4,2024-08-19T08:00:00,Uptown,Rain
RIDE963,DRONE1,2024-08-26T16:00:00,Uptown,Wind
RIDE964,DRONE20,2024-08-08T16:00:00,Uptown,Storm
RIDE965,DRONE8,2024-08-24T06:00:00,Uptown,Fog
RIDE966,DRONE6,2024-08-13T12:00:00,Downtown,Storm
RIDE967,DRONE10,2024-08-14T16:00:00,Midtown,Rain
RIDE968,DRONE18,2024-08-05T09:00:00,Midtown,Wind
RIDE969,DRONE1,2024-08-04T09:00:00,Uptown,Rain
RIDE970,DRONE18,2024-08-14T23:00:00,Midtown,Clear
RIDE971,DRONE14,2024-08-29T04:00:00,Midtown,Storm
RIDE972,DRONE3,2024-08-13T14:00:00,Midtown,Wind
RIDE973,DRONE8,2024-08-14T01:00:00,Midtown,Rain
RIDE974,DRONE4,2024-08-20T00:00:00,Downtown,Wind
RIDE975,DRONE15,2024-08-26T17:00:00,Uptown,Clear
RIDE976,DRONE4,2024-08-19T04:00:00,Suburb,Clear
RIDE977,DRONE5,2024-08-08T02:00:00,Downtown,Storm
RIDE978,DRONE16,2024-08-30T10:00:00,Midtown,Wind
RIDE979,DRONE10,2024-08-19T22:00:00,Uptown,Rain
RIDE980,DRONE17,2024-08-15T23:00:00,Uptown,Rain
RIDE981,DRONE9,2024-08-20T01:00:00,Uptown,Fog
RIDE982,DRONE14,2024-08-02T19:00:00,Uptown,Rain
RIDE983,DRONE16,2024-08-16T01:00:00,Midtown,Storm
RIDE984,DRONE16,2024-08-27T05:00:00,Uptown,Clear
RIDE985,DRONE8,2024-08-19T13:00:00,Suburb,Rain
RIDE986,DRONE15,2024-08-12T17:00:00,Suburb,Fog
RIDE987,DRONE18,2024-08-28T06:00:00,Uptown,Storm
RIDE988,DRONE5,2024-08-03T10:00:00,Midtown,Storm
RIDE989,DRONE13,2024-08-04T04:00:00,Suburb,Storm
RIDE990,DRONE7,2024-08-29T15:00:00,Suburb,Storm
RIDE991,DRONE20,2024-08-28T04:00:00,Suburb,Storm
RIDE992,DRONE17,2024-08-18T07:00:00,Downtown,Storm
RIDE993,DRONE5,2024-08-16T12:00:00,Downtown,Clear
RIDE994,DRONE3,2024-08-22T21:00:00,Suburb,Clear
RIDE995,DRONE9,2024-08-29T23:00:00,Midtown,Fog
RIDE996,DRONE14,2024-08-07T19:00:00,Midtown,Rain
RIDE997,DRONE11,2024-08-02T07:00:00,Suburb,Wind
RIDE998,DRONE17,2024-08-07T02:00:00,Suburb,Clear
RIDE999,DRONE9,2024-08-26T22:00:00,Midtown,Wind
RIDE1000,DRONE1,2024-08-29T22:00:00,Downtown,Fog
