ride_id,payment_method,payment_status
RIDE1,DEBIT_CARD,FAILED
RIDE2,CREDIT_CARD,VERIFY_BANK_DETAILS
RIDE3,CREDIT_CARD,VERIFY_BANK_DETAILS
RIDE4,DEBIT_CARD,FAILED
RIDE5,DEBIT_CARD,VERIFY_ADDRESS
RIDE6,PAYPAL,OK
RIDE7,PAYPAL,VERIFY_BANK_DETAILS
RIDE8,DEBIT_CARD,FAILED
RIDE9,CREDIT_CARD,VERIFY_ADDRESS
RIDE10,CRYPTO,VERIFY_ADDRESS
RIDE11,PAYPAL,VERIFY_ADDRESS
RIDE12,DEBIT_CARD,VERIFY_BANK_DETAILS
RIDE13,CREDIT_CARD,FAILED
RIDE14,CREDIT_CARD,OK
RIDE15,PAYPAL,FAILED
RIDE16,PAYPAL,FAILED
RIDE17,CRYPTO,VERIFY_ADDRESS
RIDE18,PAYPAL,OK
RIDE19,CRYPTO,VERIFY_BANK_DETAILS
RIDE20,DEBIT_CARD,VERIFY_BANK_DETAILS
RIDE21,PAYPAL,VERIFY_ADDRESS
RIDE22,CRYPTO,VERIFY_BANK_DETAILS
RIDE23,PAYPAL,FAILED
RIDE24,DEBIT_CARD,VERIFY_ADDRESS
RIDE25,DEBIT_CARD,OK
RIDE26,CRYPTO,FAILED
RIDE27,CREDIT_CARD,OK
RIDE28,DEBIT_CARD,OK
RIDE29,DEBIT_CARD,FAILED
RIDE30,DEBIT_CARD,OK
RIDE31,DEBIT_CARD,VERIFY_ADDRESS
RIDE32,CREDIT_CARD,VERIFY_ADDRESS
RIDE33,DEBIT_CARD,FAILED
RIDE34,CREDIT_CARD,VERIFY_BANK_DETAILS
RIDE35,PAYPAL,OK
RIDE36,CREDIT_CARD,FAILED
RIDE37,CRYPTO,OK
RIDE38,PAYPAL,FAILED
RIDE39,CREDIT_CARD,OK
RIDE40,CREDIT_CARD,VERIFY_BANK_DETAILS
RIDE41,CREDIT_CARD,FAILED
RIDE42,CREDIT_CARD,VERIFY_ADDRESS
RIDE43,CREDIT_CARD,VERIFY_BANK_DETAILS
RIDE44,CREDIT_CARD,VERIFY_ADDRESS
RIDE45,CRYPTO,VERIFY_BANK_DETAILS
RIDE46,CRYPTO,VERIFY_ADDRESS
RIDE47,CRYPTO,VERIFY_BANK_DETAILS
RIDE48,CREDIT_CARD,OK
RIDE49,PAYPAL,VERIFY_ADDRESS
RIDE50,CRYPTO,OK
RIDE51,DEBIT_CARD,FAILED
RIDE52,DEBIT_CARD,OK
RIDE53,CREDIT_CARD,VERIFY_ADDRESS
RIDE54,PAYPAL,VERIFY_BANK_DETAILS
RIDE55,CRYPTO,OK
RIDE56,CREDIT_CARD,VERIFY_BANK_DETAILS
RIDE57,PAYPAL,FAILED
RIDE58,DEBIT_CARD,FAILED
RIDE59,CRYPTO,VERIFY_ADDRESS
RIDE60,CREDIT_CARD,VERIFY_BANK_DETAILS
RIDE61,CREDIT_CARD,OK
RIDE62,PAYPAL,OK
RIDE63,CREDIT_CARD,FAILED
RIDE64,CREDIT_CARD,VERIFY_BANK_DETAILS
RIDE65,CRYPTO,VERIFY_BANK_DETAILS
RIDE66,DEBIT_CARD,FAILED
RIDE67,DEBIT_CARD,OK
RIDE68,PAYPAL,FAILED
RIDE69,DEBIT_CARD,VERIFY_BANK_DETAILS
RIDE70,PAYPAL,OK
RIDE71,CRYPTO,FAILED
RIDE72,PAYPAL,VERIFY_BANK_DETAILS
RIDE73,DEBIT_CARD,VERIFY_BANK_DETAILS
RIDE74,CREDIT_CARD,VERIFY_ADDRESS
RIDE75,CRYPTO,VERIFY_ADDRESS
RIDE76,DEBIT_CARD,FAILED
RIDE77,CRYPTO,OK
RIDE78,PAYPAL,OK
RIDE79,DEBIT_CARD,VERIFY_ADDRESS
RIDE80,CREDIT_CARD,VERIFY_BANK_DETAILS
RIDE81,CREDIT_CARD,VERIFY_ADDRESS
RIDE82,CREDIT_CARD,FAILED
RIDE83,CREDIT_CARD,VERIFY_ADDRESS
RIDE84,CRYPTO,OK
RIDE85,DEBIT_CARD,FAILED
RIDE86,CREDIT_CARD,OK
RIDE87,CREDIT_CARD,FAILED
RIDE88,CREDIT_CARD,VERIFY_BANK_DETAILS
RIDE89,PAYPAL,VERIFY_ADDRESS
RIDE90,DEBIT_CARD,OK
RIDE91,CRYPTO,FAILED
RIDE92,PAYPAL,VERIFY_ADDRESS
RIDE93,PAYPAL,OK
RIDE94,CRYPTO,VERIFY_BANK_DETAILS
RIDE95,CREDIT_CARD,FAILED
RIDE96,CREDIT_CARD,OK
RIDE97,DEBIT_CARD,OK
RIDE98,CREDIT_CARD,VERIFY_BANK_DETAILS
RIDE99,PAYPAL,FAILED
RIDE100,PAYPAL,VERIFY_ADDRESS
RIDE101,PAYPAL,OK
RIDE102,CRYPTO,FAILED
RIDE103,CREDIT_CARD,FAILED
RIDE104,CREDIT_CARD,VERIFY_BANK_DETAILS
RIDE105,CREDIT_CARD,OK
RIDE106,CREDIT_CARD,VERIFY_ADDRESS
RIDE107,DEBIT_CARD,OK
RIDE108,DEBIT_CARD,OK
RIDE109,PAYPAL,VERIFY_ADDRESS
RIDE110,PAYPAL,FAILED
RIDE111,CRYPTO,OK
RIDE112,PAYPAL,FAILED
RIDE113,CREDIT_CARD,VERIFY_BANK_DETAILS
RIDE114,PAYPAL,FAILED
RIDE115,PAYPAL,VERIFY_ADDRESS
RIDE116,DEBIT_CARD,VERIFY_ADDRESS
RIDE117,CREDIT_CARD,VERIFY_BANK_DETAILS
RIDE118,CRYPTO,FAILED
RIDE119,CRYPTO,OK
RIDE120,CRYPTO,VERIFY_BANK_DETAILS
RIDE121,PAYPAL,VERIFY_ADDRESS
RIDE122,CRYPTO,FAILED
RIDE123,CRYPTO,VERIFY_ADDRESS
RIDE124,CRYPTO,OK
RIDE125,DEBIT_CARD,VERIFY_BANK_DETAILS
RIDE126,CREDIT_CARD,VERIFY_BANK_DETAILS
RIDE127,DEBIT_CARD,VERIFY_ADDRESS
RIDE128,CREDIT_CARD,VERIFY_BANK_DETAILS
RIDE129,DEBIT_CARD,FAILED
RIDE130,CREDIT_CARD,FAILED
RIDE131,CRYPTO,VERIFY_ADDRESS
RIDE132,CRYPTO,VERIFY_ADDRESS
RIDE133,CRYPTO,VERIFY_BANK_DETAILS
RIDE134,DEBIT_CARD,VERIFY_ADDRESS
RIDE135,CRYPTO,FAILED
RIDE136,PAYPAL,OK
RIDE137,CREDIT_CARD,FAILED
RIDE138,DEBIT_CARD,VERIFY_BANK_DETAILS
RIDE139,CRYPTO,VERIFY_ADDRESS
RIDE140,CRYPTO,VERIFY_ADDRESS
RIDE141,CREDIT_CARD,VERIFY_ADDRESS
RIDE142,CRYPTO,VERIFY_BANK_DETAILS
RIDE143,CRYPTO,OK
RIDE144,CREDIT_CARD,VERIFY_BANK_DETAILS
RIDE145,CREDIT_CARD,FAILED
RIDE146,PAYPAL,OK
RIDE147,PAYPAL,VERIFY_ADDRESS
RIDE148,CREDIT_CARD,FAILED
RIDE149,DEBIT_CARD,VERIFY_ADDRESS
RIDE150,PAYPAL,OK
RIDE151,CREDIT_CARD,VERIFY_BANK_DETAILS
RIDE152,CRYPTO,FAILED
RIDE153,DEBIT_CARD,VERIFY_BANK_DETAILS
RIDE154,CRYPTO,FAILED
RIDE155,PAYPAL,VERIFY_ADDRESS
RIDE156,CRYPTO,VERIFY_ADDRESS
RIDE157,DEBIT_CARD,VERIFY_BANK_DETAILS
RIDE158,CREDIT_CARD,VERIFY_ADDRESS
RIDE159,CREDIT_CARD,OK
RIDE160,DEBIT_CARD,OK
RIDE161,CRYPTO,OK
RIDE162,CRYPTO,OK
RIDE163,DEBIT_CARD,FAILED
RIDE164,CREDIT_CARD,FAILED
RIDE165,CRYPTO,OK
RIDE166,PAYPAL,FAILED
RIDE167,DEBIT_CARD,OK
RIDE168,PAYPAL,VERIFY_BANK_DETAILS
RIDE169,PAYPAL,FAILED
RIDE170,CREDIT_CARD,OK
RIDE171,DEBIT_CARD,OK
RIDE172,CRYPTO,VERIFY_BANK_DETAILS
RIDE173,CRYPTO,VERIFY_BANK_DETAILS
RIDE174,DEBIT_CARD,VERIFY_ADDRESS
RIDE175,CREDIT_CARD,OK
RIDE176,CRYPTO,VERIFY_ADDRESS
RIDE177,CRYPTO,FAILED
RIDE178,CRYPTO,OK
RIDE179,CREDIT_CARD,OK
RIDE180,CRYPTO,FAILED
RIDE181,CRYPTO,VERIFY_BANK_DETAILS
RIDE182,PAYPAL,OK
RIDE183,CREDIT_CARD,VERIFY_BANK_DETAILS
RIDE184,CRYPTO,OK
RIDE185,CREDIT_CARD,VERIFY_ADDRESS
RIDE186,CREDIT_CARD,VERIFY_BANK_DETAILS
RIDE187,CRYPTO,VERIFY_ADDRESS
RIDE188,CRYPTO,OK
RIDE189,CREDIT_CARD,VERIFY_ADDRESS
RIDE190,CREDIT_CARD,OK
RIDE191,CREDIT_CARD,OK
RIDE192,PAYPAL,VERIFY_ADDRESS
RIDE193,DEBIT_CARD,OK
RIDE194,CRYPTO,FAILED
RIDE195,PAYPAL,OK
RIDE196,PAYPAL,OK
RIDE197,CREDIT_CARD,FAILED
RIDE198,DEBIT_CARD,VERIFY_BANK_DETAILS
RIDE199,CRYPTO,FAILED
RIDE200,PAYPAL,FAILED
RIDE201,CRYPTO,FAILED
RIDE202,PAYPAL,FAILED
RIDE203,CRYPTO,VERIFY_BANK_DETAILS
RIDE204,CREDIT_CARD,OK
RIDE205,CREDIT_CARD,VERIFY_ADDRESS
RIDE206,DEBIT_CARD,VERIFY_BANK_DETAILS
RIDE207,CREDIT_CARD,VERIFY_BANK_DETAILS
RIDE208,PAYPAL,OK
RIDE209,PAYPAL,FAILED
RIDE210,PAYPAL,FAILED
RIDE211,PAYPAL,VERIFY_BANK_DETAILS
RIDE212,CREDIT_CARD,VERIFY_ADDRESS
RIDE213,CREDIT_CARD,FAILED
RIDE214,DEBIT_CARD,VERIFY_BANK_DETAILS
RIDE215,CRYPTO,VERIFY_ADDRESS
RIDE216,DEBIT_CARD,VERIFY_ADDRESS
RIDE217,CRYPTO,VERIFY_ADDRESS
RIDE218,CREDIT_CARD,VERIFY_ADDRESS
RIDE219,PAYPAL,VERIFY_BANK_DETAILS
RIDE220,DEBIT_CARD,VERIFY_BANK_DETAILS
RIDE221,DEBIT_CARD,VERIFY_ADDRESS
RIDE222,CREDIT_CARD,FAILED
RIDE223,CRYPTO,FAILED
RIDE224,DEBIT_CARD,VERIFY_BANK_DETAILS
RIDE225,CRYPTO,VERIFY_ADDRESS
RIDE226,DEBIT_CARD,VERIFY_ADDRESS
RIDE227,PAYPAL,VERIFY_BANK_DETAILS
RIDE228,CREDIT_CARD,VERIFY_BANK_DETAILS
RIDE229,CRYPTO,VERIFY_BANK_DETAILS
RIDE230,CREDIT_CARD,OK
RIDE231,CREDIT_CARD,OK
RIDE232,CRYPTO,VERIFY_ADDRESS
RIDE233,CRYPTO,OK
RIDE234,DEBIT_CARD,FAILED
RIDE235,CRYPTO,VERIFY_ADDRESS
RIDE236,CREDIT_CARD,OK
RIDE237,CREDIT_CARD,VERIFY_ADDRESS
RIDE238,CRYPTO,FAILED
RIDE239,CRYPTO,FAILED
RIDE240,DEBIT_CARD,VERIFY_ADDRESS
RIDE241,DEBIT_CARD,OK
RIDE242,DEBIT_CARD,VERIFY_ADDRESS
RIDE243,CREDIT_CARD,FAILED
RIDE244,CRYPTO,OK
RIDE245,PAYPAL,OK
RIDE246,CRYPTO,VERIFY_BANK_DETAILS
RIDE247,CRYPTO,VERIFY_ADDRESS
RIDE248,DEBIT_CARD,FAILED
RIDE249,PAYPAL,FAILED
RIDE250,CRYPTO,VERIFY_ADDRESS
RIDE251,PAYPAL,VERIFY_ADDRESS
RIDE252,PAYPAL,FAILED
RIDE253,CRYPTO,FAILED
RIDE254,DEBIT_CARD,VERIFY_ADDRESS
RIDE255,DEBIT_CARD,VERIFY_ADDRESS
RIDE256,CRYPTO,OK
RIDE257,PAYPAL,VERIFY_BANK_DETAILS
RIDE258,PAYPAL,FAILED
RIDE259,DEBIT_CARD,OK
RIDE260,DEBIT_CARD,VERIFY_ADDRESS
RIDE261,DEBIT_CARD,VERIFY_BANK_DETAILS
RIDE262,PAYPAL,FAILED
RIDE263,PAYPAL,VERIFY_BANK_DETAILS
RIDE264,DEBIT_CARD,OK
RIDE265,DEBIT_CARD,VERIFY_ADDRESS
RIDE266,PAYPAL,OK
RIDE267,CREDIT_CARD,VERIFY_BANK_DETAILS
RIDE268,PAYPAL,OK
RIDE269,CRYPTO,OK
RIDE270,CRYPTO,VERIFY_ADDRESS
RIDE271,PAYPAL,VERIFY_ADDRESS
RIDE272,CRYPTO,VERIFY_BANK_DETAILS
RIDE273,CREDIT_CARD,VERIFY_BANK_DETAILS
RIDE274,CREDIT_CARD,OK
RIDE275,CREDIT_CARD,FAILED
RIDE276,CRYPTO,OK
RIDE277,DEBIT_CARD,VERIFY_BANK_DETAILS
RIDE278,CREDIT_CARD,OK
RIDE279,CREDIT_CARD,VERIFY_ADDRESS
RIDE280,DEBIT_CARD,OK
RIDE281,PAYPAL,VERIFY_ADDRESS
RIDE282,DEBIT_CARD,FAILED
RIDE283,PAYPAL,VERIFY_ADDRESS
RIDE284,PAYPAL,FAILED
RIDE285,DEBIT_CARD,FAILED
RIDE286,CREDIT_CARD,OK
RIDE287,PAYPAL,VERIFY_BANK_DETAILS
RIDE288,DEBIT_CARD,VERIFY_BANK_DETAILS
RIDE289,CREDIT_CARD,OK
RIDE290,PAYPAL,FAILED
RIDE291,CRYPTO,VERIFY_BANK_DETAILS
RIDE292,CREDIT_CARD,VERIFY_ADDRESS
RIDE293,DEBIT_CARD,VERIFY_BANK_DETAILS
RIDE294,CRYPTO,FAILED
RIDE295,DEBIT_CARD,FAILED
RIDE296,PAYPAL,VERIFY_ADDRESS
RIDE297,CREDIT_CARD,OK
RIDE298,CRYPTO,VERIFY_BANK_DETAILS
RIDE299,CRYPTO,OK
RIDE300,CRYPTO,VERIFY_BANK_DETAILS
RIDE301,PAYPAL,VERIFY_ADDRESS
RIDE302,CREDIT_CARD,OK
RIDE303,CREDIT_CARD,VERIFY_BANK_DETAILS
RIDE304,PAYPAL,VERIFY_BANK_DETAILS
RIDE305,DEBIT_CARD,FAILED
RIDE306,CRYPTO,FAILED
RIDE307,DEBIT_CARD,VERIFY_BANK_DETAILS
RIDE308,PAYPAL,FAILED
RIDE309,DEBIT_CARD,VERIFY_BANK_DETAILS
RIDE310,DEBIT_CARD,VERIFY_BANK_DETAILS
RIDE311,PAYPAL,FAILED
RIDE312,CRYPTO,FAILED
RIDE313,DEBIT_CARD,FAILED
RIDE314,CREDIT_CARD,OK
RIDE315,DEBIT_CARD,VERIFY_ADDRESS
RIDE316,DEBIT_CARD,VERIFY_BANK_DETAILS
RIDE317,CREDIT_CARD,VERIFY_ADDRESS
RIDE318,CRYPTO,OK
RIDE319,CREDIT_CARD,OK
RIDE320,CRYPTO,VERIFY_BANK_DETAILS
RIDE321,PAYPAL,VERIFY_BANK_DETAILS
RIDE322,PAYPAL,VERIFY_ADDRESS
RIDE323,DEBIT_CARD,VERIFY_ADDRESS
RIDE324,DEBIT_CARD,FAILED
RIDE325,PAYPAL,VERIFY_ADDRESS
RIDE326,CREDIT_CARD,VERIFY_ADDRESS
RIDE327,PAYPAL,OK
RIDE328,CRYPTO,VERIFY_ADDRESS
RIDE329,DEBIT_CARD,FAILED
RIDE330,CREDIT_CARD,VERIFY_ADDRESS
RIDE331,DEBIT_CARD,VERIFY_BANK_DETAILS
RIDE332,PAYPAL,FAILED
RIDE333,CREDIT_CARD,VERIFY_BANK_DETAILS
RIDE334,PAYPAL,OK
RIDE335,CRYPTO,FAILED
RIDE336,PAYPAL,FAILED
RIDE337,CREDIT_CARD,VERIFY_ADDRESS
RIDE338,PAYPAL,FAILED
RIDE339,DEBIT_CARD,OK
RIDE340,DEBIT_CARD,OK
RIDE341,CREDIT_CARD,OK
RIDE342,DEBIT_CARD,FAILED
RIDE343,CRYPTO,FAILED
RIDE344,CRYPTO,VERIFY_ADDRESS
RIDE345,CREDIT_CARD,OK
RIDE346,PAYPAL,VERIFY_ADDRESS
RIDE347,DEBIT_CARD,OK
RIDE348,DEBIT_CARD,VERIFY_ADDRESS
RIDE349,PAYPAL,VERIFY_BANK_DETAILS
RIDE350,PAYPAL,VERIFY_BANK_DETAILS
RIDE351,PAYPAL,OK
RIDE352,PAYPAL,VERIFY_ADDRESS
RIDE353,DEBIT_CARD,FAILED
RIDE354,CRYPTO,FAILED
RIDE355,CREDIT_CARD,FAILED
RIDE356,CREDIT_CARD,VERIFY_ADDRESS
RIDE357,PAYPAL,VERIFY_BANK_DETAILS
RIDE358,CRYPTO,FAILED
RIDE359,DEBIT_CARD,OK
RIDE360,DEBIT_CARD,VERIFY_BANK_DETAILS
RIDE361,CREDIT_CARD,OK
RIDE362,PAYPAL,VERIFY_ADDRESS
RIDE363,CRYPTO,FAILED
RIDE364,CREDIT_CARD,OK
RIDE365,CRYPTO,VERIFY_ADDRESS
RIDE366,PAYPAL,FAILED
RIDE367,PAYPAL,VERIFY_ADDRESS
RIDE368,CREDIT_CARD,OK
RIDE369,PAYPAL,VERIFY_BANK_DETAILS
RIDE370,CRYPTO,OK
RIDE371,CRYPTO,OK
RIDE372,CREDIT_CARD,VERIFY_BANK_DETAILS
RIDE373,PAYPAL,VERIFY_ADDRESS
RIDE374,DEBIT_CARD,VERIFY_ADDRESS
RIDE375,PAYPAL,OK
RIDE376,CREDIT_CARD,OK
RIDE377,CREDIT_CARD,VERIFY_ADDRESS
RIDE378,DEBIT_CARD,VERIFY_BANK_DETAILS
RIDE379,CREDIT_CARD,FAILED
RIDE380,CREDIT_CARD,VERIFY_BANK_DETAILS
RIDE381,DEBIT_CARD,OK
RIDE382,DEBIT_CARD,VERIFY_ADDRESS
RIDE383,CRYPTO,VERIFY_BANK_DETAILS
RIDE384,CREDIT_CARD,OK
RIDE385,DEBIT_CARD,FAILED
RIDE386,CRYPTO,FAILED
RIDE387,CREDIT_CARD,VERIFY_BANK_DETAILS
RIDE388,DEBIT_CARD,OK
RIDE389,CREDIT_CARD,OK
RIDE390,CRYPTO,FAILED
RIDE391,PAYPAL,VERIFY_ADDRESS
RIDE392,CREDIT_CARD,VERIFY_ADDRESS
RIDE393,CREDIT_CARD,VERIFY_BANK_DETAILS
RIDE394,CREDIT_CARD,VERIFY_BANK_DETAILS
RIDE395,CREDIT_CARD,FAILED
RIDE396,DEBIT_CARD,OK
RIDE397,PAYPAL,VERIFY_ADDRESS
RIDE398,CREDIT_CARD,VERIFY_ADDRESS
RIDE399,DEBIT_CARD,VERIFY_ADDRESS
RIDE400,PAYPAL,VERIFY_ADDRESS
RIDE401,CRYPTO,FAILED
RIDE402,CRYPTO,VERIFY_ADDRESS
RIDE403,CRYPTO,OK
RIDE404,CRYPTO,VERIFY_ADDRESS
RIDE405,CRYPTO,VERIFY_BANK_DETAILS
RIDE406,PAYPAL,OK
RIDE407,CREDIT_CARD,VERIFY_ADDRESS
RIDE408,CRYPTO,FAILED
RIDE409,CREDIT_CARD,FAILED
RIDE410,CREDIT_CARD,VERIFY_ADDRESS
RIDE411,CREDIT_CARD,VERIFY_BANK_DETAILS
RIDE412,CREDIT_CARD,FAILED
RIDE413,CREDIT_CARD,OK
RIDE414,PAYPAL,VERIFY_BANK_DETAILS
RIDE415,CREDIT_CARD,FAILED
RIDE416,PAYPAL,VERIFY_BANK_DETAILS
RIDE417,PAYPAL,FAILED
RIDE418,CREDIT_CARD,FAILED
RIDE419,PAYPAL,VERIFY_BANK_DETAILS
RIDE420,CRYPTO,VERIFY_ADDRESS
RIDE421,CRYPTO,VERIFY_ADDRESS
RIDE422,CRYPTO,VERIFY_BANK_DETAILS
RIDE423,CREDIT_CARD,FAILED
RIDE424,CRYPTO,FAILED
RIDE425,DEBIT_CARD,FAILED
RIDE426,DEBIT_CARD,FAILED
RIDE427,DEBIT_CARD,FAILED
RIDE428,CRYPTO,VERIFY_ADDRESS
RIDE429,PAYPAL,FAILED
RIDE430,DEBIT_CARD,VERIFY_BANK_DETAILS
RIDE431,PAYPAL,FAILED
RIDE432,PAYPAL,FAILED
RIDE433,CREDIT_CARD,VERIFY_ADDRESS
RIDE434,DEBIT_CARD,OK
RIDE435,CREDIT_CARD,OK
RIDE436,CREDIT_CARD,FAILED
RIDE437,CREDIT_CARD,VERIFY_ADDRESS
RIDE438,CRYPTO,FAILED
RIDE439,CREDIT_CARD,OK
RIDE440,PAYPAL,VERIFY_ADDRESS
RIDE441,DEBIT_CARD,VERIFY_BANK_DETAILS
RIDE442,PAYPAL,VERIFY_BANK_DETAILS
RIDE443,DEBIT_CARD,VERIFY_ADDRESS
RIDE444,CRYPTO,VERIFY_BANK_DETAILS
RIDE445,DEBIT_CARD,VERIFY_ADDRESS
RIDE446,DEBIT_CARD,FAILED
RIDE447,DEBIT_CARD,FAILED
RIDE448,DEBIT_CARD,OK
RIDE449,PAYPAL,FAILED
RIDE450,DEBIT_CARD,FAILED
RIDE451,CREDIT_CARD,OK
RIDE452,DEBIT_CARD,VERIFY_ADDRESS
RIDE453,CREDIT_CARD,FAILED
RIDE454,CRYPTO,FAILED
RIDE455,CREDIT_CARD,FAILED
RIDE456,PAYPAL,OK
RIDE457,CREDIT_CARD,VERIFY_ADDRESS
RIDE458,PAYPAL,OK
RIDE459,CREDIT_CARD,VERIFY_BANK_DETAILS
RIDE460,DEBIT_CARD,FAILED
RIDE461,CRYPTO,VERIFY_BANK_DETAILS
RIDE462,PAYPAL,VERIFY_ADDRESS
RIDE463,PAYPAL,FAILED
RIDE464,DEBIT_CARD,VERIFY_BANK_DETAILS
RIDE465,DEBIT_CARD,VERIFY_BANK_DETAILS
RIDE466,CREDIT_CARD,VERIFY_BANK_DETAILS
RIDE467,PAYPAL,FAILED
RIDE468,CREDIT_CARD,FAILED
RIDE469,DEBIT_CARD,FAILED
RIDE470,PAYPAL,FAILED
RIDE471,CRYPTO,OK
RIDE472,CRYPTO,VERIFY_BANK_DETAILS
RIDE473,PAYPAL,OK
RIDE474,PAYPAL,VERIFY_ADDRESS
RIDE475,DEBIT_CARD,VERIFY_BANK_DETAILS
RIDE476,PAYPAL,FAILED
RIDE477,PAYPAL,FAILED
RIDE478,CRYPTO,FAILED
RIDE479,DEBIT_CARD,OK
RIDE480,CREDIT_CARD,FAILED
RIDE481,PAYPAL,VERIFY_BANK_DETAILS
RIDE482,DEBIT_CARD,VERIFY_BANK_DETAILS
RIDE483,DEBIT_CARD,VERIFY_ADDRESS
RIDE484,CRYPTO,VERIFY_BANK_DETAILS
RIDE485,PAYPAL,FAILED
RIDE486,PAYPAL,VERIFY_BANK_DETAILS
RIDE487,DEBIT_CARD,VERIFY_BANK_DETAILS
RIDE488,PAYPAL,OK
RIDE489,CRYPTO,VERIFY_BANK_DETAILS
RIDE490,CRYPTO,VERIFY_ADDRESS
RIDE491,CRYPTO,VERIFY_BANK_DETAILS
RIDE492,PAYPAL,OK
RIDE493,PAYPAL,OK
RIDE494,CRYPTO,VERIFY_BANK_DETAILS
RIDE495,CREDIT_CARD,VERIFY_BANK_DETAILS
RIDE496,DEBIT_CARD,OK
RIDE497,CREDIT_CARD,FAILED
RIDE498,PAYPAL,VERIFY_BANK_DETAILS
RIDE499,DEBIT_CARD,OK
RIDE500,DEBIT_CARD,VERIFY_BANK_DETAILS
RIDE501,PAYPAL,OK
RIDE502,CREDIT_CARD,FAILED
RIDE503,CREDIT_CARD,VERIFY_ADDRESS
RIDE504,CREDIT_CARD,VERIFY_BANK_DETAILS
RIDE505,CREDIT_CARD,VERIFY_BANK_DETAILS
RIDE506,CRYPTO,VERIFY_ADDRESS
RIDE507,DEBIT_CARD,VERIFY_ADDRESS
RIDE508,CREDIT_CARD,VERIFY_BANK_DETAILS
RIDE509,PAYPAL,FAILED
RIDE510,CRYPTO,VERIFY_BANK_DETAILS
RIDE511,DEBIT_CARD,VERIFY_ADDRESS
RIDE512,PAYPAL,OK
RIDE513,CRYPTO,FAILED
RIDE514,DEBIT_CARD,VERIFY_BANK_DETAILS
RIDE515,PAYPAL,VERIFY_BANK_DETAILS
RIDE516,DEBIT_CARD,OK
RIDE517,CRYPTO,OK
RIDE518,CREDIT_CARD,FAILED
RIDE519,CRYPTO,FAILED
RIDE520,PAYPAL,VERIFY_BANK_DETAILS
RIDE521,CREDIT_CARD,VERIFY_BANK_DETAILS
RIDE522,DEBIT_CARD,VERIFY_ADDRESS
RIDE523,DEBIT_CARD,VERIFY_BANK_DETAILS
RIDE524,DEBIT_CARD,OK
RIDE525,CRYPTO,FAILED
RIDE526,DEBIT_CARD,VERIFY_BANK_DETAILS
RIDE527,DEBIT_CARD,FAILED
RIDE528,DEBIT_CARD,VERIFY_BANK_DETAILS
RIDE529,CRYPTO,OK
RIDE530,PAYPAL,VERIFY_ADDRESS
RIDE531,CREDIT_CARD,VERIFY_ADDRESS
RIDE532,DEBIT_CARD,FAILED
RIDE533,CRYPTO,OK
RIDE534,DEBIT_CARD,OK
RIDE535,CREDIT_CARD,OK
RIDE536,PAYPAL,VERIFY_BANK_DETAILS
RIDE537,PAYPAL,VERIFY_ADDRESS
RIDE538,DEBIT_CARD,OK
RIDE539,CREDIT_CARD,VERIFY_BANK_DETAILS
RIDE540,DEBIT_CARD,FAILED
RIDE541,PAYPAL,VERIFY_BANK_DETAILS
RIDE542,CRYPTO,VERIFY_BANK_DETAILS
RIDE543,CRYPTO,OK
RIDE544,CRYPTO,FAILED
RIDE545,CREDIT_CARD,VERIFY_ADDRESS
RIDE546,CREDIT_CARD,FAILED
RIDE547,PAYPAL,FAILED
RIDE548,CREDIT_CARD,FAILED
RIDE549,PAYPAL,FAILED
RIDE550,PAYPAL,OK
RIDE551,DEBIT_CARD,VERIFY_BANK_DETAILS
RIDE552,CRYPTO,VERIFY_ADDRESS
RIDE553,CRYPTO,VERIFY_ADDRESS
RIDE554,PAYPAL,VERIFY_BANK_DETAILS
RIDE555,CREDIT_CARD,VERIFY_ADDRESS
RIDE556,PAYPAL,FAILED
RIDE557,CRYPTO,OK
RIDE558,DEBIT_CARD,FAILED
RIDE559,CRYPTO,FAILED
RIDE560,PAYPAL,OK
RIDE561,PAYPAL,VERIFY_ADDRESS
RIDE562,CRYPTO,OK
RIDE563,CRYPTO,VERIFY_BANK_DETAILS
RIDE564,CREDIT_CARD,VERIFY_BANK_DETAILS
RIDE565,DEBIT_CARD,VERIFY_BANK_DETAILS
RIDE566,CRYPTO,OK
RIDE567,DEBIT_CARD,VERIFY_BANK_DETAILS
RIDE568,DEBIT_CARD,FAILED
RIDE569,CREDIT_CARD,FAILED
RIDE570,PAYPAL,VERIFY_BANK_DETAILS
RIDE571,DEBIT_CARD,VERIFY_BANK_DETAILS
RIDE572,DEBIT_CARD,VERIFY_BANK_DETAILS
RIDE573,DEBIT_CARD,VERIFY_BANK_DETAILS
RIDE574,DEBIT_CARD,OK
RIDE575,PAYPAL,OK
RIDE576,CREDIT_CARD,FAILED
RIDE577,DEBIT_CARD,VERIFY_ADDRESS
RIDE578,CRYPTO,FAILED
RIDE579,PAYPAL,OK
RIDE580,CREDIT_CARD,FAILED
RIDE581,CRYPTO,FAILED
RIDE582,CRYPTO,OK
RIDE583,CRYPTO,VERIFY_ADDRESS
RIDE584,DEBIT_CARD,OK
RIDE585,DEBIT_CARD,FAILED
RIDE586,CRYPTO,OK
RIDE587,CREDIT_CARD,VERIFY_ADDRESS
RIDE588,DEBIT_CARD,VERIFY_ADDRESS
RIDE589,CREDIT_CARD,OK
RIDE590,DEBIT_CARD,OK
RIDE591,DEBIT_CARD,OK
RIDE592,DEBIT_CARD,VERIFY_BANK_DETAILS
RIDE593,CREDIT_CARD,FAILED
RIDE594,DEBIT_CARD,FAILED
RIDE595,CREDIT_CARD,VERIFY_ADDRESS
RIDE596,DEBIT_CARD,FAILED
RIDE597,PAYPAL,VERIFY_BANK_DETAILS
RIDE598,DEBIT_CARD,VERIFY_ADDRESS
RIDE599,CRYPTO,OK
RIDE600,CREDIT_CARD,OK
RIDE601,PAYPAL,VERIFY_ADDRESS
RIDE602,CREDIT_CARD,VERIFY_ADDRESS
RIDE603,DEBIT_CARD,VERIFY_ADDRESS
RIDE604,CRYPTO,VERIFY_BANK_DETAILS
RIDE605,CRYPTO,OK
RIDE606,CRYPTO,VERIFY_BANK_DETAILS
RIDE607,DEBIT_CARD,OK
RIDE608,DEBIT_CARD,VERIFY_ADDRESS
RIDE609,CRYPTO,VERIFY_BANK_DETAILS
RIDE610,DEBIT_CARD,FAILED
RIDE611,DEBIT_CARD,OK
RIDE612,PAYPAL,VERIFY_ADDRESS
RIDE613,DEBIT_CARD,VERIFY_ADDRESS
RIDE614,PAYPAL,VERIFY_BANK_DETAILS
RIDE615,CRYPTO,FAILED
RIDE616,CREDIT_CARD,FAILED
RIDE617,DEBIT_CARD,OK
RIDE618,CRYPTO,OK
RIDE619,CRYPTO,OK
RIDE620,DEBIT_CARD,VERIFY_BANK_DETAILS
RIDE621,CREDIT_CARD,VERIFY_ADDRESS
RIDE622,CREDIT_CARD,VERIFY_BANK_DETAILS
RIDE623,DEBIT_CARD,VERIFY_ADDRESS
RIDE624,CRYPTO,VERIFY_ADDRESS
RIDE625,DEBIT_CARD,VERIFY_ADDRESS
RIDE626,CREDIT_CARD,FAILED
RIDE627,DEBIT_CARD,VERIFY_BANK_DETAILS
RIDE628,CRYPTO,VERIFY_BANK_DETAILS
RIDE629,CREDIT_CARD,VERIFY_BANK_DETAILS
RIDE630,CREDIT_CARD,FAILED
RIDE631,CREDIT_CARD,FAILED
RIDE632,CRYPTO,VERIFY_ADDRESS
RIDE633,DEBIT_CARD,FAILED
RIDE634,CREDIT_CARD,OK
RIDE635,CRYPTO,OK
RIDE636,CRYPTO,OK
RIDE637,PAYPAL,VERIFY_BANK_DETAILS
RIDE638,CREDIT_CARD,OK
RIDE639,CRYPTO,FAILED
RIDE640,DEBIT_CARD,VERIFY_BANK_DETAILS
RIDE641,CRYPTO,VERIFY_BANK_DETAILS
RIDE642,CRYPTO,OK
RIDE643,PAYPAL,VERIFY_ADDRESS
RIDE644,CREDIT_CARD,VERIFY_ADDRESS
RIDE645,CRYPTO,FAILED
RIDE646,DEBIT_CARD,OK
RIDE647,PAYPAL,FAILED
RIDE648,CRYPTO,VERIFY_ADDRESS
RIDE649,DEBIT_CARD,VERIFY_ADDRESS
RIDE650,CREDIT_CARD,OK
RIDE651,PAYPAL,VERIFY_ADDRESS
RIDE652,CRYPTO,VERIFY_ADDRESS
RIDE653,PAYPAL,VERIFY_ADDRESS
RIDE654,DEBIT_CARD,OK
RIDE655,CREDIT_CARD,OK
RIDE656,CREDIT_CARD,VERIFY_ADDRESS
RIDE657,CREDIT_CARD,VERIFY_ADDRESS
RIDE658,CREDIT_CARD,VERIFY_BANK_DETAILS
RIDE659,CRYPTO,OK
RIDE660,DEBIT_CARD,FAILED
RIDE661,PAYPAL,FAILED
RIDE662,CRYPTO,VERIFY_ADDRESS
RIDE663,PAYPAL,VERIFY_ADDRESS
RIDE664,CREDIT_CARD,VERIFY_BANK_DETAILS
RIDE665,DEBIT_CARD,VERIFY_BANK_DETAILS
RIDE666,CRYPTO,OK
RIDE667,PAYPAL,FAILED
RIDE668,PAYPAL,VERIFY_BANK_DETAILS
RIDE669,CRYPTO,FAILED
RIDE670,PAYPAL,VERIFY_BANK_DETAILS
RIDE671,PAYPAL,VERIFY_ADDRESS
RIDE672,CRYPTO,VERIFY_BANK_DETAILS
RIDE673,DEBIT_CARD,VERIFY_BANK_DETAILS
RIDE674,CRYPTO,OK
RIDE675,CRYPTO,VERIFY_ADDRESS
RIDE676,DEBIT_CARD,VERIFY_ADDRESS
RIDE677,PAYPAL,OK
RIDE678,CRYPTO,FAILED
RIDE679,PAYPAL,VERIFY_ADDRESS
RIDE680,PAYPAL,VERIFY_ADDRESS
RIDE681,PAYPAL,OK
RIDE682,CRYPTO,FAILED
RIDE683,DEBIT_CARD,VERIFY_ADDRESS
RIDE684,CREDIT_CARD,OK
RIDE685,DEBIT_CARD,VERIFY_ADDRESS
RIDE686,CRYPTO,VERIFY_BANK_DETAILS
RIDE687,DEBIT_CARD,FAILED
RIDE688,CREDIT_CARD,VERIFY_BANK_DETAILS
RIDE689,DEBIT_CARD,FAILED
RIDE690,CRYPTO,OK
RIDE691,PAYPAL,VERIFY_ADDRESS
RIDE692,CREDIT_CARD,VERIFY_ADDRESS
RIDE693,DEBIT_CARD,OK
RIDE694,CRYPTO,VERIFY_ADDRESS
RIDE695,CREDIT_CARD,VERIFY_BANK_DETAILS
RIDE696,CREDIT_CARD,OK
RIDE697,DEBIT_CARD,VERIFY_BANK_DETAILS
RIDE698,CRYPTO,FAILED
RIDE699,CRYPTO,VERIFY_ADDRESS
RIDE700,CREDIT_CARD,VERIFY_BANK_DETAILS
RIDE701,CREDIT_CARD,VERIFY_ADDRESS
RIDE702,PAYPAL,FAILED
RIDE703,DEBIT_CARD,VERIFY_ADDRESS
RIDE704,PAYPAL,FAILED
RIDE705,CREDIT_CARD,OK
RIDE706,CREDIT_CARD,VERIFY_ADDRESS
RIDE707,CRYPTO,OK
RIDE708,CRYPTO,FAILED
RIDE709,PAYPAL,OK
RIDE710,CREDIT_CARD,VERIFY_BANK_DETAILS
RIDE711,DEBIT_CARD,OK
RIDE712,CRYPTO,VERIFY_BANK_DETAILS
RIDE713,CRYPTO,FAILED
RIDE714,CREDIT_CARD,FAILED
RIDE715,DEBIT_CARD,VERIFY_ADDRESS
RIDE716,PAYPAL,VERIFY_BANK_DETAILS
RIDE717,DEBIT_CARD,VERIFY_ADDRESS
RIDE718,CREDIT_CARD,VERIFY_ADDRESS
RIDE719,DEBIT_CARD,FAILED
RIDE720,DEBIT_CARD,OK
RIDE721,CREDIT_CARD,FAILED
RIDE722,PAYPAL,FAILED
RIDE723,DEBIT_CARD,OK
RIDE724,CREDIT_CARD,VERIFY_BANK_DETAILS
RIDE725,DEBIT_CARD,VERIFY_BANK_DETAILS
RIDE726,CREDIT_CARD,OK
RIDE727,PAYPAL,OK
RIDE728,CRYPTO,VERIFY_ADDRESS
RIDE729,PAYPAL,OK
RIDE730,CRYPTO,OK
RIDE731,CRYPTO,VERIFY_ADDRESS
RIDE732,DEBIT_CARD,VERIFY_BANK_DETAILS
RIDE733,CREDIT_CARD,OK
RIDE734,CREDIT_CARD,OK
RIDE735,CREDIT_CARD,VERIFY_ADDRESS
RIDE736,PAYPAL,OK
RIDE737,PAYPAL,VERIFY_ADDRESS
RIDE738,PAYPAL,FAILED
RIDE739,PAYPAL,VERIFY_ADDRESS
RIDE740,DEBIT_CARD,FAILED
RIDE741,DEBIT_CARD,FAILED
RIDE742,CRYPTO,VERIFY_ADDRESS
RIDE743,CRYPTO,VERIFY_ADDRESS
RIDE744,CREDIT_CARD,VERIFY_ADDRESS
RIDE745,PAYPAL,VERIFY_BANK_DETAILS
RIDE746,DEBIT_CARD,OK
RIDE747,CRYPTO,VERIFY_ADDRESS
RIDE748,CREDIT_CARD,FAILED
RIDE749,CREDIT_CARD,FAILED
RIDE750,PAYPAL,VERIFY_ADDRESS
RIDE751,PAYPAL,OK
RIDE752,CREDIT_CARD,OK
RIDE753,PAYPAL,OK
RIDE754,PAYPAL,FAILED
RIDE755,CRYPTO,VERIFY_ADDRESS
RIDE756,CRYPTO,VERIFY_ADDRESS
RIDE757,CRYPTO,VERIFY_ADDRESS
RIDE758,DEBIT_CARD,FAILED
RIDE759,PAYPAL,VERIFY_ADDRESS
RIDE760,CRYPTO,FAILED
RIDE761,CRYPTO,FAILED
RIDE762,CREDIT_CARD,OK
RIDE763,CRYPTO,VERIFY_ADDRESS
RIDE764,CREDIT_CARD,VERIFY_ADDRESS
RIDE765,PAYPAL,VERIFY_BANK_DETAILS
RIDE766,CREDIT_CARD,OK
RIDE767,CRYPTO,FAILED
RIDE768,DEBIT_CARD,OK
RIDE769,DEBIT_CARD,VERIFY_BANK_DETAILS
RIDE770,PAYPAL,OK
RIDE771,CRYPTO,OK
RIDE772,PAYPAL,VERIFY_BANK_DETAILS
RIDE773,CREDIT_CARD,OK
RIDE774,PAYPAL,OK
RIDE775,DEBIT_CARD,VERIFY_BANK_DETAILS
RIDE776,PAYPAL,VERIFY_BANK_DETAILS
RIDE777,CREDIT_CARD,FAILED
RIDE778,CRYPTO,VERIFY_BANK_DETAILS
RIDE779,PAYPAL,VERIFY_ADDRESS
RIDE780,CREDIT_CARD,VERIFY_ADDRESS
RIDE781,DEBIT_CARD,VERIFY_ADDRESS
RIDE782,CRYPTO,FAILED
RIDE783,PAYPAL,OK
RIDE784,PAYPAL,VERIFY_BANK_DETAILS
RIDE785,DEBIT_CARD,FAILED
RIDE786,PAYPAL,OK
RIDE787,DEBIT_CARD,VERIFY_BANK_DETAILS
RIDE788,DEBIT_CARD,OK
RIDE789,CRYPTO,VERIFY_BANK_DETAILS
RIDE790,DEBIT_CARD,VERIFY_ADDRESS
RIDE791,DEBIT_CARD,VERIFY_BANK_DETAILS
RIDE792,DEBIT_CARD,VERIFY_BANK_DETAILS
RIDE793,PAYPAL,FAILED
RIDE794,DEBIT_CARD,FAILED
RIDE795,DEBIT_CARD,FAILED
RIDE796,DEBIT_CARD,VERIFY_ADDRESS
RIDE797,DEBIT_CARD,VERIFY_ADDRESS
RIDE798,PAYPAL,VERIFY_BANK_DETAILS
RIDE799,DEBIT_CARD,FAILED
RIDE800,CREDIT_CARD,VERIFY_ADDRESS
RIDE801,CREDIT_CARD,VERIFY_ADDRESS
RIDE802,CREDIT_CARD,VERIFY_BANK_DETAILS
RIDE803,CRYPTO,VERIFY_BANK_DETAILS
RIDE804,CREDIT_CARD,OK
RIDE805,CREDIT_CARD,OK
RIDE806,CRYPTO,VERIFY_BANK_DETAILS
RIDE807,PAYPAL,OK
RIDE808,PAYPAL,VERIFY_ADDRESS
RIDE809,CRYPTO,VERIFY_BANK_DETAILS
RIDE810,PAYPAL,VERIFY_BANK_DETAILS
RIDE811,CRYPTO,FAILED
RIDE812,DEBIT_CARD,VERIFY_ADDRESS
RIDE813,PAYPAL,VERIFY_ADDRESS
RIDE814,CRYPTO,FAILED
RIDE815,DEBIT_CARD,OK
RIDE816,DEBIT_CARD,VERIFY_BANK_DETAILS
RIDE817,CREDIT_CARD,OK
RIDE818,CRYPTO,VERIFY_ADDRESS
RIDE819,CRYPTO,OK
RIDE820,CREDIT_CARD,VERIFY_ADDRESS
RIDE821,PAYPAL,VERIFY_BANK_DETAILS
RIDE822,CRYPTO,VERIFY_BANK_DETAILS
RIDE823,DEBIT_CARD,VERIFY_BANK_DETAILS
RIDE824,CRYPTO,FAILED
RIDE825,CREDIT_CARD,FAILED
RIDE826,CRYPTO,FAILED
RIDE827,PAYPAL,VERIFY_BANK_DETAILS
RIDE828,CREDIT_CARD,VERIFY_BANK_DETAILS
RIDE829,CREDIT_CARD,OK
RIDE830,DEBIT_CARD,VERIFY_ADDRESS
RIDE831,CRYPTO,FAILED
RIDE832,CREDIT_CARD,VERIFY_BANK_DETAILS
RIDE833,PAYPAL,VERIFY_BANK_DETAILS
RIDE834,PAYPAL,VERIFY_ADDRESS
RIDE835,PAYPAL,FAILED
RIDE836,DEBIT_CARD,FAILED
RIDE837,PAYPAL,OK
RIDE838,DEBIT_CARD,VERIFY_BANK_DETAILS
RIDE839,PAYPAL,OK
RIDE840,CRYPTO,VERIFY_BANK_DETAILS
RIDE841,PAYPAL,VERIFY_ADDRESS
RIDE842,PAYPAL,OK
RIDE843,DEBIT_CARD,VERIFY_BANK_DETAILS
RIDE844,CRYPTO,FAILED
RIDE845,CRYPTO,VERIFY_ADDRESS
RIDE846,DEBIT_CARD,VERIFY_BANK_DETAILS
RIDE847,CRYPTO,OK
RIDE848,PAYPAL,OK
RIDE849,PAYPAL,VERIFY_BANK_DETAILS
RIDE850,CRYPTO,VERIFY_ADDRESS
RIDE851,PAYPAL,VERIFY_BANK_DETAILS
RIDE852,CRYPTO,OK
RIDE853,DEBIT_CARD,OK
RIDE854,DEBIT_CARD,FAILED
RIDE855,DEBIT_CARD,FAILED
RIDE856,CREDIT_CARD,OK
RIDE857,PAYPAL,FAILED
RIDE858,DEBIT_CARD,FAILED
RIDE859,CRYPTO,VERIFY_BANK_DETAILS
RIDE860,CRYPTO,VERIFY_ADDRESS
RIDE861,DEBIT_CARD,VERIFY_BANK_DETAILS
RIDE862,DEBIT_CARD,VERIFY_BANK_DETAILS
RIDE863,DEBIT_CARD,FAILED
RIDE864,CRYPTO,FAILED
RIDE865,CREDIT_CARD,VERIFY_ADDRESS
RIDE866,DEBIT_CARD,VERIFY_ADDRESS
RIDE867,CRYPTO,VERIFY_ADDRESS
RIDE868,CRYPTO,VERIFY_BANK_DETAILS
RIDE869,DEBIT_CARD,VERIFY_ADDRESS
RIDE870,PAYPAL,OK
RIDE871,CRYPTO,OK
RIDE872,PAYPAL,VERIFY_BANK_DETAILS
RIDE873,PAYPAL,FAILED
RIDE874,CREDIT_CARD,VERIFY_ADDRESS
RIDE875,CRYPTO,OK
RIDE876,CREDIT_CARD,VERIFY_ADDRESS
RIDE877,DEBIT_CARD,OK
RIDE878,CREDIT_CARD,OK
RIDE879,DEBIT_CARD,VERIFY_ADDRESS
RIDE880,PAYPAL,OK
RIDE881,CRYPTO,VERIFY_ADDRESS
RIDE882,CREDIT_CARD,OK
RIDE883,CRYPTO,FAILED
RIDE884,PAYPAL,VERIFY_BANK_DETAILS
RIDE885,PAYPAL,VERIFY_BANK_DETAILS
RIDE886,PAYPAL,VERIFY_ADDRESS
RIDE887,PAYPAL,VERIFY_BANK_DETAILS
RIDE888,PAYPAL,VERIFY_BANK_DETAILS
RIDE889,PAYPAL,VERIFY_BANK_DETAILS
RIDE890,CREDIT_CARD,VERIFY_BANK_DETAILS
RIDE891,CRYPTO,FAILED
RIDE892,CREDIT_CARD,FAILED
RIDE893,PAYPAL,VERIFY_BANK_DETAILS
RIDE894,DEBIT_CARD,FAILED
RIDE895,DEBIT_CARD,FAILED
RIDE896,PAYPAL,VERIFY_BANK_DETAILS
RIDE897,PAYPAL,VERIFY_ADDRESS
RIDE898,PAYPAL,VERIFY_BANK_DETAILS
RIDE899,CRYPTO,FAILED
RIDE900,CRYPTO,VERIFY_ADDRESS
RIDE901,CREDIT_CARD,FAILED
RIDE902,CRYPTO,FAILED
RIDE903,PAYPAL,OK
RIDE904,CRYPTO,OK
RIDE905,DEBIT_CARD,OK
RIDE906,DEBIT_CARD,FAILED
RIDE907,PAYPAL,VERIFY_BANK_DETAILS
RIDE908,CRYPTO,VERIFY_BANK_DETAILS
RIDE909,CRYPTO,FAILED
RIDE910,CREDIT_CARD,OK
RIDE911,CREDIT_CARD,FAILED
RIDE912,DEBIT_CARD,VERIFY_BANK_DETAILS
RIDE913,PAYPAL,VERIFY_BANK_DETAILS
RIDE914,DEBIT_CARD,VERIFY_BANK_DETAILS
RIDE915,PAYPAL,FAILED
RIDE916,PAYPAL,VERIFY_BANK_DETAILS
RIDE917,PAYPAL,VERIFY_BANK_DETAILS
RIDE918,PAYPAL,VERIFY_BANK_DETAILS
RIDE919,CRYPTO,VERIFY_BANK_DETAILS
RIDE920,PAYPAL,VERIFY_ADDRESS
RIDE921,CRYPTO,FAILED
RIDE922,PAYPAL,FAILED
RIDE923,CRYPTO,VERIFY_BANK_DETAILS
RIDE924,CRYPTO,OK
RIDE925,DEBIT_CARD,VERIFY_BANK_DETAILS
RIDE926,DEBIT_CARD,FAILED
RIDE927,CREDIT_CARD,VERIFY_ADDRESS
RIDE928,DEBIT_CARD,VERIFY_BANK_DETAILS
RIDE929,DEBIT_CARD,VERIFY_ADDRESS
RIDE930,PAYPAL,OK
RIDE931,CREDIT_CARD,OK
RIDE932,DEBIT_CARD,VERIFY_BANK_DETAILS
RIDE933,DEBIT_CARD,VERIFY_ADDRESS
RIDE934,CRYPTO,OK
RIDE935,CREDIT_CARD,VERIFY_BANK_DETAILS
RIDE936,CREDIT_CARD,OK
RIDE937,CREDIT_CARD,FAILED
RIDE938,CRYPTO,VERIFY_ADDRESS
RIDE939,CREDIT_CARD,VERIFY_BANK_DETAILS
RIDE940,CREDIT_CARD,OK
RIDE941,CRYPTO,OK
RIDE942,CREDIT_CARD,FAILED
RIDE943,CREDIT_CARD,VERIFY_BANK_DETAILS
RIDE944,PAYPAL,OK
RIDE945,DEBIT_CARD,VERIFY_ADDRESS
RIDE946,CREDIT_CARD,OK
RIDE947,CRYPTO,VERIFY_ADDRESS
RIDE948,PAYPAL,OK
RIDE949,DEBIT_CARD,VERIFY_BANK_DETAILS
RIDE950,DEBIT_CARD,VERIFY_BANK_DETAILS
RIDE951,PAYPAL,VERIFY_BANK_DETAILS
RIDE952,CRYPTO,VERIFY_ADDRESS
RIDE953,DEBIT_CARD,VERIFY_BANK_DETAILS
RIDE954,DEBIT_CARD,VERIFY_ADDRESS
RIDE955,DEBIT_CARD,VERIFY_ADDRESS
RIDE956,CREDIT_CARD,VERIFY_ADDRESS
RIDE957,CREDIT_CARD,FAILED
RIDE958,PAYPAL,OK
RIDE959,PAYPAL,VERIFY_ADDRESS
RIDE960,CRYPTO,VERIFY_ADDRESS
RIDE961,CRYPTO,OK
RIDE962,PAYPAL,VERIFY_BANK_DETAILS
RIDE963,CRYPTO,FAILED
RIDE964,DEBIT_CARD,OK
RIDE965,DEBIT_CARD,VERIFY_ADDRESS
RIDE966,CRYPTO,OK
RIDE967,CRYPTO,VERIFY_ADDRESS
RIDE968,PAYPAL,VERIFY_BANK_DETAILS
RIDE969,PAYPAL,OK
RIDE970,CRYPTO,FAILED
RIDE971,DEBIT_CARD,OK
RIDE972,CREDIT_CARD,VERIFY_ADDRESS
RIDE973,CRYPTO,VERIFY_ADDRESS
RIDE974,PAYPAL,FAILED
RIDE975,PAYPAL,VERIFY_ADDRESS
RIDE976,CRYPTO,VERIFY_ADDRESS
RIDE977,PAYPAL,VERIFY_ADDRESS
RIDE978,DEBIT_CARD,OK
RIDE979,PAYPAL,OK
RIDE980,CREDIT_CARD,FAILED
RIDE981,CREDIT_CARD,FAILED
RIDE982,DEBIT_CARD,VERIFY_BANK_DETAILS
RIDE983,PAYPAL,VERIFY_ADDRESS
RIDE984,PAYPAL,FAILED
RIDE985,CRYPTO,VERIFY_ADDRESS
RIDE986,CREDIT_CARD,FAILED
RIDE987,CRYPTO,VERIFY_BANK_DETAILS
RIDE988,CRYPTO,FAILED
RIDE989,PAYPAL,OK
RIDE990,CREDIT_CARD,VERIFY_ADDRESS
RIDE991,CRYPTO,OK
RIDE992,PAYPAL,FAILED
RIDE993,DEBIT_CARD,FAILED
RIDE994,CREDIT_CARD,VERIFY_BANK_DETAILS
RIDE995,PAYPAL,VERIFY_BANK_DETAILS
RIDE996,DEBIT_CARD,VERIFY_BANK_DETAILS
RIDE997,CRYPTO,FAILED
RIDE998,CRYPTO,VERIFY_BANK_DETAILS
RIDE999,CRYPTO,FAILED
RIDE1000,DEBIT_CARD,FAILED
